chr,start,end,strand,symbol,length,P53KO-O1,p53KO-O2,p53KO-O-CAS1,p53KO-O-CAS2,p53KO-O-RAS1,p53KO-O-RAS2,WT-O1,WT-O2
chr8,68141938,68995536,+,1-Mar,4832,585,1034,806,746,1166,390,44,30
chr17,33822636,33855622,-,2-Mar,3972,2631,3108,2833,2821,6063,4350,2778,2790
chr18,56921369,57085202,-,3-Mar,1759,6,26,34,24,42,34,30,42
chr1,72473685,72583138,-,4-Mar,4191,0,0,6,2,0,0,0,0
chr19,37282034,37298947,+,5-Mar,5292,4778,4921,4569,4307,12117,8463,3466,3879
chr15,31385653,31460792,-,6-Mar,6262,2818,3343,4285,3969,10723,8323,4002,5047
chr2,60047992,60086442,+,7-Mar,2729,210,646,1293,1096,1160,696,529,571
chr6,116288140,116359558,+,8-Mar,4528,2100,3505,1771,1762,10299,7210,4804,5342
chr10,126493105,126497240,-,9-Mar,2002,16,16,64,53,73,45,20,28
chr11,105222111,105318049,-,10-Mar,3634,0,2,0,0,0,0,0,0
chr15,26238826,26339328,+,11-Mar,1551,0,0,0,0,0,0,0,0
chr7,134357955,134361959,-,1-Sep,1464,396,633,6610,5703,598,255,101,72
chr1,95375569,95406309,+,2-Sep,3347,4235,5559,10795,10019,10503,6498,3512,3824
chr15,82105364,82124872,+,3-Sep,4741,20,22,40,33,22,14,2,8
chr11,87394632,87404041,+,4-Sep,1648,855,1009,734,717,1388,575,580,524
chr16,18621903,18630031,-,5-Sep,2139,150,200,225,237,270,147,61,55
chrX,34451266,34529690,-,6-Sep,6709,196,391,2207,2324,526,209,69,111
chr9,25060039,25116156,+,7-Sep,2543,3070,3832,12141,11745,4737,3373,1638,1918
chr11,53333237,53357598,+,8-Sep,4637,384,709,1341,1052,1052,347,193,152
chr11,117060974,117223639,+,9-Sep,4278,2579,3726,8152,7385,5948,3449,4610,3433
chr10,58604374,58684595,-,10-Sep,2665,647,799,925,720,1359,877,655,679
chr5,93522482,93603984,+,11-Sep,5018,642,981,2543,2195,1052,612,492,555
chr16,4986950,4997945,-,12-Sep,2584,0,0,6,4,0,0,0,0
chr5,130189265,130214386,-,14-Sep,1700,0,2,2,0,0,0,0,2
chr3,144233390,144260640,+,15-Sep,1514,11993,12832,19383,21088,23706,18156,11489,10554
chr12,87156404,87165495,-,0610007P14Rik,1190,3610,4510,3265,3180,10233,7274,4529,3360
chr11,51498886,51502136,-,0610009B22Rik,797,1359,1320,1678,1494,2358,2146,934,1143
chr18,38409902,38422283,+,0610009O20Rik,2417,1114,1332,2223,1842,3092,2258,1916,1827
chr2,174952492,176598837,-,0610010B08Rik,27264,13827,17633,19088,13915,16201,8925,5493,5484
chr11,23473775,23533631,-,0610010F05Rik,4162,696,793,821,715,1271,983,508,725
chr11,70048705,70051416,-,0610010K14Rik,919,1126,962,1777,1719,1876,1198,991,659
chr17,26012444,26014108,+,0610011F06Rik,817,5329,4592,1935,1955,15684,11852,9659,8720
chr6,72297310,72303154,+,0610030E20Rik,4638,1313,1912,2358,1648,4125,2214,1664,2039
chr4,107562503,107570407,+,0610037L13Rik,1558,1094,1119,1298,1211,2327,1496,1153,1018
chr5,64203733,64290858,+,0610040J01Rik,1874,1390,1480,833,802,3750,2939,1656,1722
chr6,38484860,38489449,+,1110001J03Rik,443,3011,1773,1329,1362,3095,2567,2315,1774
chr16,90926055,90935094,-,1110004E09Rik,1170,652,713,911,953,1721,1270,834,851
chr7,123236893,123248724,+,1110004F10Rik,1405,2000,2310,4273,4401,4571,3288,2016,1961
chr13,49298319,49311395,-,1110007C09Rik,810,387,498,951,976,1341,722,359,418
chr2,156688857,156699298,+,1110008F13Rik,1054,6206,6588,3871,3625,6485,4879,4028,5038
chr12,56403623,56483478,+,1110008L16Rik,3124,362,387,517,504,1177,897,619,719
chr2,32234620,32237435,-,1110008P14Rik,659,1280,1008,1033,1140,2163,1673,794,731
chrX,67639087,67642591,+,1110012L19Rik,1060,673,632,743,775,1805,1220,718,789
chr4,41452041,41464366,-,1110017D15Rik,1297,3,2,2,1,0,0,0,0
chr9,50570932,50576257,-,1110032A03Rik,1786,1128,1301,1090,1118,3667,2478,2101,1621
chr3,68673507,68676085,+,1110032F04Rik,2579,24,14,85,109,0,7,0,0
chr2,132516018,132576791,+,1110034G24Rik,1474,435,461,540,525,649,483,287,254
chr4,11413104,11478290,+,1110037F02Rik,7140,815,1016,2245,2107,1955,1208,979,1055
chr15,76778973,76781161,+,1110038F14Rik,1095,794,842,1114,931,934,533,337,346
chr2,91117984,91284799,-,1110051M20Rik,1988,126,124,469,441,207,126,100,63
chr12,8214912,8292565,+,1110057K04Rik,3089,1678,2260,1593,1351,4701,3481,2215,2885
chr1,24002777,24012479,-,1110058L19Rik,670,2416,1681,1761,1680,2480,1921,1123,874
chr19,21671802,21727281,-,1110059E24Rik,1432,1329,1363,1630,1578,2156,1703,752,734
chr9,122854206,122860118,-,1110059G10Rik,3364,797,850,1278,1174,1709,1211,597,556
chr4,124526728,124527974,-,1110065P20Rik,765,1857,1253,1164,1246,2231,1582,1113,1021
chr9,94418282,94438500,-,1190002N15Rik,3953,1566,2126,1770,1652,5030,3731,1508,1887
chr13,64582553,64599100,-,1190003K10Rik,1100,0,0,0,0,0,0,0,0
chr8,123132501,123158282,-,1190005I06Rik,738,478,332,225,197,1033,754,349,387
chr10,82082595,82085973,-,1190007I07Rik,751,908,629,522,547,1054,849,532,389
chr11,72861368,72897081,+,1200014J11Rik,6297,474,770,1480,1229,1202,801,612,781
chr9,103152859,103190627,-,1300017J02Rik,2292,18940,18450,15032,14782,63156,48573,35072,33885
chr10,83185609,83225507,+,1500009L16Rik,1200,20,31,191,154,0,2,0,0
chr2,166888433,166891362,+,1500012F01Rik,743,3440,2274,6625,5928,2295,1663,406,417
chr1,43787446,43799409,+,1500015O10Rik,892,0,1,10,4,14,1,2,2
chr17,24352000,24357714,-,1600002H07Rik,2153,5004,5812,2481,1863,7487,4749,4281,3033
chr10,79635688,79637864,+,1600002K03Rik,654,568,389,638,590,505,388,253,184
chr17,15080188,15082944,+,1600012H06Rik,2757,1890,2089,3139,2443,3959,2569,1304,1309
chr7,38968235,38982584,+,1600014C10Rik,3455,5588,7490,7309,6849,17344,12975,7388,7243
chr17,45869812,45870793,-,1600014C23Rik,520,0,2,10,8,2,0,0,2
chrX,82495015,82515630,+,1600014K23Rik,842,0,0,0,0,0,0,0,0
chr6,48879894,48883686,+,1600015I10Rik,2488,0,0,0,0,0,0,0,0
chr5,30768449,30786460,+,1700001C02Rik,716,0,2,4,2,14,2,0,0
chr17,47549682,47574324,-,1700001C19Rik,1806,536,527,421,332,1714,1201,867,767
chr14,44020916,44026344,-,1700001F09Rik,888,0,0,0,0,0,0,0,0
chr5,146994025,146996880,-,1700001J03Rik,783,2,12,10,6,10,0,2,2
chr12,111905898,111920829,-,1700001K19Rik,960,0,2,15,8,3,2,1,2
chr13,68736315,68753108,+,1700001L19Rik,1811,2,0,7,8,2,0,0,2
chr2,30651082,30659184,-,1700001O22Rik,1599,6,4,46,22,3,1,2,0
chr11,97632794,97637232,-,1700001P01Rik,627,2,4,4,4,14,0,0,3
chr6,83106397,83112969,+,1700003E16Rik,2054,41,46,34,23,107,60,62,54
chr2,154374639,154375784,+,1700003F12Rik,736,27,40,76,69,52,15,2,0
chr4,34658580,34677455,-,1700003M02Rik,1727,0,0,0,0,0,0,0,0
chr3,124104072,124128946,-,1700006A11Rik,1995,0,0,0,0,0,0,0,0
chr11,101848369,101853578,+,1700006E09Rik,704,0,0,0,0,0,0,0,0
chr8,77972592,78508406,+,1700007B14Rik,2175,0,0,0,0,0,0,0,0
chr5,98758322,99231038,+,1700007G11Rik,867,0,0,0,0,0,1,0,0
chr7,138469444,138473013,-,1700007K09Rik,680,7,2,9,2,1,0,0,0
chr2,28317520,28321844,-,1700007K13Rik,807,6,2,2,2,10,0,4,2
chr8,131591033,131707632,+,1700008F21Rik,1653,0,0,0,0,0,0,0,0
chrX,132189236,132228329,-,1700008I05Rik,1786,4,0,0,2,0,0,0,0
chr7,51615414,51630400,-,1700008O03Rik,917,10,4,54,28,8,2,2,5
chr3,6615412,6620443,-,1700008P02Rik,792,0,0,0,0,0,0,0,0
chr4,39397325,39398811,+,1700009N14Rik,1264,0,0,0,0,0,0,0,0
chr1,173051791,173057098,+,1700009P17Rik,1040,109,101,114,130,286,153,105,88
chr2,173544915,173547587,+,1700010B08Rik,899,0,0,0,0,0,0,0,0
chrX,92927928,92928600,-,1700010D01Rik,501,0,0,0,0,0,0,0,0
chr17,9181197,9201184,+,1700010I14Rik,1888,24,20,72,36,37,32,24,14
chr15,101278175,101284340,+,1700011A15Rik,908,0,0,0,0,0,0,0,0
chr17,87788910,87827081,-,1700011E24Rik,854,0,0,4,3,4,1,0,0
chr14,49846033,49865103,-,1700011H14Rik,1174,24,22,42,45,86,29,28,10
chr18,57693479,57890719,+,1700011I03Rik,974,0,3,0,0,0,0,0,0
chr8,81734328,81772482,-,1700011L22Rik,984,2,2,0,0,0,2,0,7
chr6,32000287,32008915,+,1700012A03Rik,918,0,0,0,0,0,0,0,0
chr11,109649604,109689360,-,1700012B07Rik,1476,0,0,103,69,0,0,0,0
chr9,14562637,14575474,-,1700012B09Rik,689,0,0,0,0,0,0,0,0
chrX,8860889,8861414,+,1700012L04Rik,526,16,12,2,6,32,27,9,11
chr4,144008093,144028675,-,1700012P22Rik,976,0,0,0,0,0,0,0,0
chr6,124297611,124307104,-,1700013D24Rik,537,0,1,5,6,0,0,0,0
chr3,108340501,108347615,+,1700013F07Rik,597,0,0,0,0,2,0,0,2
chr4,137009210,137011376,+,1700013G24Rik,1038,0,0,0,0,0,0,0,0
chrX,51046077,51061008,-,1700013H16Rik,1233,4,0,17,7,0,0,0,0
chr1,172238991,172242256,+,1700015E13Rik,715,0,0,0,2,13,4,0,0
chr5,5437826,5479143,-,1700015F17Rik,717,0,0,0,0,0,0,0,0
chr7,59267049,59271086,-,1700015G11Rik,392,0,0,0,0,0,0,0,0
chr1,179659944,179683436,+,1700016C15Rik,755,2,0,27,32,22,26,0,4
chr8,11654923,11678750,-,1700016D06Rik,1269,0,0,0,0,0,0,0,0
chr5,104077605,104084751,-,1700016H13Rik,950,2,0,0,0,0,0,1,0
chr11,75813413,75817071,+,1700016K19Rik,923,0,0,0,2,2,0,0,0
chr9,57100128,57110406,-,1700017B05Rik,4937,560,709,2092,1897,1340,701,688,796
chr19,11171305,11205368,-,1700017D01Rik,1201,0,0,0,1,0,0,0,0
chr10,100055019,100081025,+,1700017N19Rik,1703,0,0,0,0,0,0,0,0
chr8,124054683,124065854,-,1700018B08Rik,1087,0,0,0,4,0,0,0,0
chr4,63268124,63283463,-,1700018C11Rik,676,0,0,2,2,0,0,0,0
chr5,145803858,145806547,+,1700018F24Rik,1124,0,0,0,0,0,0,0,0
chr1,53215420,53244461,-,1700019A02Rik,636,7,1,6,2,6,4,0,2
chr8,3470861,3487178,+,1700019B03Rik,1622,2,0,0,0,1,2,4,2
chr1,52981970,53009684,-,1700019D03Rik,836,2,2,0,0,0,2,4,0
chr6,85849043,85854932,-,1700019G17Rik,3282,1018,2555,1123,959,3252,2611,4176,3430
chr2,32632932,32639925,-,1700019L03Rik,1684,30,24,69,65,31,29,6,5
chr19,58860292,58868904,-,1700019N19Rik,929,0,0,0,4,0,0,0,0
chr1,88322903,88324624,+,1700019O17Rik,1722,0,0,0,0,0,0,0,0
chr2,130230994,130231810,+,1700020A23Rik,736,0,0,4,2,0,4,0,0
chr19,5502768,5503787,-,1700020D05Rik,1020,28,33,43,24,29,16,0,4
chr11,83251195,83254734,+,1700020L24Rik,934,17,54,34,28,24,15,14,2
chrX,67198455,67199155,+,1700020N15Rik,548,0,0,0,0,0,0,0,0
chr10,43244926,43260800,-,1700021F05Rik,902,1076,979,683,696,2276,1691,1024,841
chr2,173348092,173354003,+,1700021F07Rik,645,0,0,91,51,0,0,0,0
chr16,32821787,32868452,-,1700021K19Rik,5363,571,919,1496,1152,1977,1098,777,755
chr4,42982817,42987197,+,1700022I11Rik,3728,4,0,0,0,0,0,0,0
chr5,77445047,77490547,+,1700023E05Rik,1728,0,0,0,0,0,0,0,0
chr11,103060260,103069872,-,1700023F06Rik,1216,0,0,2,2,2,0,0,0
chr14,33189687,33201559,-,1700024G13Rik,401,0,0,0,0,0,0,0,0
chr13,99754044,99754520,-,1700024P04Rik,477,0,0,0,0,0,0,1,0
chr4,104586060,104689468,+,1700024P16Rik,3156,428,626,1159,953,1075,628,454,511
chr19,11214172,11239810,-,1700025F22Rik,638,0,0,0,0,0,0,0,0
chr1,153731653,153937450,-,1700025G04Rik,9760,277,315,1989,1930,501,221,121,105
chr7,90924126,90943349,-,1700026D08Rik,1301,4,0,4,6,2,2,0,0
chr2,28547599,28555171,-,1700026L06Rik,676,4,10,22,22,42,6,0,1
chr5,107963729,107980561,+,1700028K03Rik,3260,255,152,531,402,244,127,50,35
chr19,23633249,23727302,-,1700028P14Rik,874,0,0,0,0,0,0,0,0
chr13,97791818,97804317,-,1700029F12Rik,1143,0,0,0,0,0,0,0,0
chr8,13550732,13562448,-,1700029H14Rik,1417,3,0,2,0,0,0,0,0
chr2,92223074,92223760,+,1700029I15Rik,367,111,54,100,68,95,52,19,18
chr8,47038959,47060606,-,1700029J07Rik,2747,42,28,106,55,41,23,34,12
chr15,81810969,81811993,+,1700029P11Rik,1025,0,0,0,0,0,0,0,0
chr15,99748778,99762089,-,1700030F18Rik,625,1,0,0,0,0,0,0,0
chr8,119493498,119502843,-,1700030J22Rik,2974,2,18,12,18,31,18,26,16
chr8,74967778,74984440,+,1700030K09Rik,2435,156,229,356,302,350,222,198,127
chrX,100054525,100061692,-,1700031F05Rik,1367,0,0,0,0,0,0,0,0
chr18,52805873,52823385,+,1700034E13Rik,481,0,0,0,0,0,0,0,0
chr11,29447949,29478352,+,1700034F02Rik,2197,7,0,9,8,5,1,1,1
chr6,146899822,146902943,-,1700034J05Rik,2037,6,0,0,0,0,0,0,0
chr6,41634429,41635716,+,1700034O15Rik,743,0,0,2,0,1,0,0,0
chr16,3905797,3908689,-,1700037C18Rik,1100,46,23,141,161,72,48,25,12
chr2,130972060,130985756,-,1700037H04Rik,1247,265,317,541,575,729,382,340,172
chr7,52538242,52544363,+,1700039E15Rik,1738,0,6,2,0,7,2,0,2
chr10,67893703,68004623,-,1700040L02Rik,1246,19,75,38,41,207,101,81,44
chrX,151559523,151582392,-,1700042B14Rik,1059,6,2,2,2,5,6,0,0
chr4,115845976,115846902,+,1700042G07Rik,394,0,0,2,0,0,0,0,0
chr12,56225514,56318133,+,1700047I17Rik2,7692,1176,1469,2761,2734,1648,838,280,276
chr7,28692410,28714449,-,1700049G17Rik,5162,105,161,155,136,333,143,72,143
chr10,5891400,5913936,-,1700052N19Rik,2295,616,806,881,656,977,697,478,574
chr19,3958807,3970438,+,1700055N04Rik,2009,33,19,170,79,162,52,2,2
chr1,185856910,185857877,-,1700056E22Rik,968,52,57,178,165,194,113,75,34
chr9,92204214,92252714,+,1700057G04Rik,1059,7,0,4,4,0,6,0,2
chr17,57015055,57028261,+,1700061G19Rik,2469,3,10,150,131,25,8,2,0
chr9,95755968,95758739,-,1700065D16Rik,2772,6,2,18,10,4,6,2,2
chr18,35886642,35890523,+,1700066B19Rik,2506,18,22,34,34,20,2,4,0
chr1,57434463,57442266,+,1700066M21Rik,3009,1277,1491,986,850,3304,2925,1325,1728
chr8,86525604,86528669,+,1700067K01Rik,1090,39,32,42,24,23,20,12,17
chr17,48226581,48227870,+,1700067P10Rik,797,0,0,0,0,0,0,0,0
chr11,81386003,81387041,-,1700071K01Rik,1039,0,0,0,0,0,0,0,0
chr6,40870458,40890556,-,1700074P13Rik,1654,0,0,0,0,0,0,0,0
chr9,105045673,105047412,-,1700080E11Rik,874,0,0,0,0,0,0,0,0
chrX,49321871,49325949,-,1700080O16Rik,1458,0,0,0,0,0,0,0,0
chr1,171859069,171864784,+,1700084C01Rik,1444,11,11,8,0,8,8,6,0
chr15,78965084,78971681,-,1700088E04Rik,1260,202,312,291,213,431,212,109,128
chr19,8815207,8815715,+,1700092M07Rik,382,2,0,0,7,10,2,0,1
chr11,23416202,23419942,-,1700093K21Rik,1453,4,0,4,2,5,4,0,0
chr3,89866717,89872269,+,1700094D03Rik,3101,677,638,713,416,732,325,114,138
chr2,28811000,28910586,-,1700101E01Rik,1302,0,2,8,0,17,5,2,6
chr9,108295164,108300098,+,1700102P08Rik,1102,55,75,31,16,20,13,1,12
chr11,88107544,88108763,+,1700106J16Rik,1220,0,0,0,0,0,0,0,0
chr5,3571715,3584341,+,1700109H08Rik,721,57,67,94,82,112,50,17,18
chr14,22838933,23875310,+,1700112E06Rik,918,182,167,180,221,237,162,22,14
chr10,86520790,86693344,+,1700113H08Rik,1349,2,1,49,31,0,1,0,0
chr17,48173694,48175243,-,1700122O11Rik,774,0,0,0,0,0,0,0,0
chr19,6184409,6224219,+,1700123I01Rik,1624,2,11,41,43,9,2,0,0
chr5,139003067,139005922,-,1700123K08Rik,1053,0,0,0,0,0,0,0,0
chr14,55305007,55309579,+,1700123O20Rik,1891,2151,1979,2201,2151,3427,2513,1437,1495
chr11,84984597,84994656,+,1700125H20Rik,981,0,2,2,3,0,0,0,0
chr14,59751876,59761730,-,1700129C05Rik,1072,0,0,0,0,0,0,0,0
chr19,8963392,8965230,+,1810009A15Rik,619,2173,1514,2172,2311,1664,1231,857,869
chr6,40914770,40918426,+,1810009J06Rik,861,0,0,0,0,0,0,0,0
chr11,106889536,106891756,+,1810010H24Rik,1102,104,147,370,269,339,213,108,122
chr14,33599148,33631154,+,1810011H11Rik,1478,407,585,2659,1947,406,123,42,29
chr8,25548087,25549418,-,1810011O10Rik,1332,2634,3829,3644,2207,1996,1135,1048,439
chr16,8830192,8859017,+,1810013L24Rik,4078,1062,1591,2278,1890,4214,2981,1012,1118
chr3,14606288,14611256,-,1810022K09Rik,405,1149,631,862,874,353,230,181,163
chr2,127012090,127034016,-,1810024B03Rik,1268,57,40,56,46,57,52,36,29
chr9,21397165,21400414,+,1810026J23Rik,3172,1381,2133,1331,1335,3351,2496,1992,2263
chrX,12232009,12250672,-,1810030O07Rik,2579,437,752,1472,1335,1114,612,307,365
chr3,122627314,122629112,+,1810037I17Rik,978,2591,1880,3638,3492,3333,2156,1038,787
chr15,84209632,84277527,-,1810041L15Rik,5922,4,4,2,4,4,8,4,2
chr10,77441394,77448183,+,1810043G02Rik,1703,338,355,738,746,870,535,310,289
chr11,119960247,119961738,+,1810043H04Rik,497,1064,900,843,946,1312,1093,956,896
chr9,51097790,51137022,-,1810046K07Rik,1323,43,68,22,8,147,109,192,105
chr19,3708332,3717881,+,1810055G02Rik,1886,636,913,869,736,3483,2231,1102,611
chr3,36374858,36381221,+,1810062G17Rik,914,53,55,76,53,114,56,16,20
chr11,58234612,58239525,+,1810065E05Rik,931,0,4,0,0,0,0,0,0
chr10,39640187,39646729,-,2010001E11Rik,2289,2,4,3,2,0,2,14,21
chr19,34691540,34715233,-,2010002M12Rik,3368,28,36,236,174,30,18,26,12
chr19,4496787,4498583,-,2010003K11Rik,1169,631,786,1128,1201,4778,3312,546,436
chr16,36221647,36257513,+,2010005H15Rik,533,25,5,682,707,0,1,0,0
chr19,46764395,46777872,+,2010012O05Rik,2181,544,565,747,684,1054,751,322,398
chrX,109608882,109671952,+,2010106E10Rik,1294,0,0,0,0,0,0,2,0
chr12,113199586,113205188,-,2010107E04Rik,369,22528,11923,11292,11567,12990,10281,6026,5393
chr6,34895294,34927999,-,2010107G12Rik,2166,0,2,24,16,6,4,2,0
chr10,61570403,61573761,-,2010107G23Rik,1735,77,59,37,72,232,169,155,83
chr5,93635543,93642500,+,2010109A12Rik,551,18,8,14,2,17,11,14,2
chr15,74708765,74712134,-,2010109I03Rik,1890,6,8,24,18,34,8,0,2
chr13,63116293,63400964,+,2010111I01Rik,3524,413,539,574,349,920,519,269,257
chr1,37668520,37776656,-,2010300C02Rik,4371,23,26,116,89,29,7,14,6
chr7,30032539,30033486,-,2200002D01Rik,511,2053,1270,1450,1693,2557,1770,925,402
chr7,31483944,31485553,+,2200002J24Rik,614,0,0,6,6,0,0,0,2
chr6,40980266,40985508,-,2210010C04Rik,2147,0,0,2,0,0,0,0,0
chrX,150158096,150175839,+,2210013O21Rik,860,292,258,692,688,334,111,32,98
chr13,58481406,58486586,-,2210016F16Rik,2826,1933,1877,1381,1518,4767,3296,2228,1884
chr5,115392210,115398549,+,2210016L21Rik,1326,565,711,1205,1134,1553,850,671,505
chr7,105739115,105805079,-,2210018M11Rik,4034,257,341,710,541,768,421,238,367
chr17,22016536,22046893,-,2210404O09Rik,2226,71,188,537,453,180,110,14,42
chr11,58421707,58426994,-,2210407C18Rik,885,0,0,0,0,0,4,0,2
chr13,77274796,77752940,+,2210408I21Rik,5652,100,115,188,188,273,212,79,141
chr17,35704429,35705890,+,2300002M23Rik,1250,0,0,0,0,0,0,0,0
chr11,99698461,99699380,-,2300003K06Rik,920,0,0,0,0,0,0,0,0
chr15,74573268,74577117,-,2300005B03Rik,467,0,0,0,0,0,0,0,0
chr9,63242253,63247051,-,2300009A05Rik,600,644,647,511,517,1319,1017,559,519
chr4,73585274,73596750,-,2310002L09Rik,2161,0,0,0,0,0,0,0,0
chr11,120230875,120240060,-,2310003H01Rik,3185,382,395,566,440,926,500,391,402
chr16,57037079,57071459,-,2310005G13Rik,3074,2,2,2,2,4,0,0,2
chr1,95047931,95057525,-,2310007B03Rik,2369,2,0,0,4,5,4,14,8
chr11,106236139,106238428,+,2310007L24Rik,795,1,0,70,80,0,0,0,0
chr1,140748555,140753431,-,2310009B15Rik,574,414,265,413,406,410,323,236,240
chr10,79780999,79783293,-,2310011J03Rik,1661,1289,1126,1885,1828,1999,1333,1069,924
chr7,13512764,13516421,+,2310014L17Rik,3241,16,26,135,84,71,43,16,36
chr7,28338313,28367117,+,2310022A10Rik,2724,356,460,836,727,717,419,274,249
chr8,127159655,127187269,-,2310022B05Rik,3311,829,1237,671,582,1962,1331,964,730
chr9,50547795,50554626,-,2310030G06Rik,1246,865,808,539,510,2118,1621,697,755
chr11,59021862,59024236,+,2310033P09Rik,1248,381,453,752,646,862,482,390,343
chr16,88759091,88760034,+,2310034C09Rik,944,0,0,0,0,0,0,0,0
chr1,107560437,107651708,+,2310035C23Rik,5435,981,1235,2218,1621,1748,1081,745,827
chr8,87550731,87554185,+,2310036O22Rik,895,3347,3099,4450,4001,6879,4559,2690,2591
chr17,46909583,46910356,+,2310039H08Rik,774,2262,1828,1770,1776,3956,2995,2733,2228
chr16,21152731,21154017,-,2310042E22Rik,1287,0,2,32,14,4,4,0,0
chr8,72663611,72671159,+,2310045N01Rik,606,448,566,761,781,1226,888,685,581
chr11,68873276,68875078,+,2310047M10Rik,1803,601,670,717,705,1260,735,489,435
chr3,92672280,92674127,-,2310050C09Rik,1069,0,0,0,0,0,0,0,0
chr10,28692093,28706112,-,2310057J18Rik,1325,2,0,0,0,0,0,0,0
chr7,138486231,138506212,-,2310057M21Rik,2220,192,216,341,251,185,141,104,101
chr16,88773425,88774451,-,2310057N15Rik,1027,0,0,0,0,0,0,0,0
chr17,36029621,36034323,-,2310061I04Rik,1246,1602,1661,1794,1416,2757,1878,1399,1252
chr16,88707415,88708207,-,2310061N02Rik,793,0,0,0,0,0,0,0,0
chr11,115626746,115660347,+,2310067B10Rik,5028,873,1326,1969,1484,3629,2117,1676,1687
chr16,88627032,88627911,-,2310079G19Rik,880,0,0,0,0,0,0,0,0
chr7,51502091,51507689,+,2410002F23Rik,1988,1049,1459,4983,3041,2376,950,473,373
chr3,145600995,145607239,+,2410004B18Rik,978,467,557,920,873,624,437,194,247
chr12,17011763,17018533,-,2410004P03Rik,1803,0,1,2,2,10,0,0,0
chr9,98765185,98766999,+,2410012M07Rik,1815,0,0,0,0,0,0,0,0
chr17,56746874,56749194,-,2410015M20Rik,759,7222,5385,5653,5233,6424,5047,4334,3890
chr12,85291557,85293903,+,2410016O06Rik,2347,329,422,717,624,656,416,259,297
chr15,8119105,8221158,+,2410089E03Rik,10522,294,328,572,389,500,289,158,253
chr16,92478986,92497610,+,2410124H12Rik,708,0,0,0,0,0,0,0,0
chr19,18745269,18779282,+,2410127L17Rik,2102,805,652,783,755,548,489,360,439
chr5,118695235,118713123,+,2410131K14Rik,2675,303,413,1270,963,646,478,368,314
chr17,37114645,37118182,-,2410137M14Rik,869,2,0,0,0,0,0,0,0
chr13,66519049,66542054,-,2410141K09Rik,520,0,0,1,0,0,0,0,0
chr16,18836672,18840206,+,2510002D24Rik,1235,957,1123,1063,901,2147,1470,1090,999
chr10,62021217,62041205,-,2510003E04Rik,2479,739,822,1399,1435,1458,933,579,661
chr16,21649117,21694738,-,2510009E07Rik,5166,506,653,1168,1144,1314,598,295,228
chr4,147315003,147321423,+,2510039O18Rik,2734,1949,2146,3227,3170,4193,2604,1296,1605
chr4,154624074,154630796,+,2610002J02Rik,1522,834,830,1457,1284,1732,1147,650,703
chrX,104978090,105011673,-,2610002M06Rik,5849,772,933,722,854,1645,1265,739,925
chr10,78527118,78560345,-,2610008E11Rik,4235,266,420,591,442,905,506,305,376
chr16,43890014,43964427,+,2610015P09Rik,3659,204,280,593,426,508,253,169,149
chrX,48194612,48245027,+,2610018G03Rik,2015,13,32,64,57,32,10,6,2
chr7,126937643,126992455,+,2610020H08Rik,2365,182,216,338,151,351,153,113,71
chr10,75911825,75923963,+,2610028H24Rik,1771,20,25,31,27,37,35,35,20
chr7,87070244,87080150,-,2610034B18Rik,2190,239,353,361,374,924,579,374,363
chr17,59018230,59130798,-,2610034M16Rik,4187,0,0,0,0,0,0,0,2
chr4,10801644,10826570,+,2610301B20Rik,2124,257,370,512,429,692,408,218,303
chr4,146986044,147016617,-,2610305D13Rik,2566,125,146,139,111,343,321,71,25
chr16,17113490,17125199,-,2610318N02Rik,1274,13,21,1021,702,8,0,0,0
chr11,78075255,78104127,+,2610507B11Rik,7482,4605,6899,7372,5958,13644,8206,6677,7475
chr5,115271945,115273477,-,2610524H06Rik,947,174,113,933,1043,273,59,12,10
chr14,37915325,37923287,-,2610528A11Rik,759,4,2,34,18,10,6,0,0
chr4,118199879,118202822,+,2610528J11Rik,918,177,176,117,124,794,541,604,435
chr8,63369247,63386369,+,2700029M09Rik,1191,819,793,2394,2394,1297,811,405,285
chr12,72237834,72344290,+,2700049A03Rik,5793,119,121,367,332,348,200,140,148
chr14,20630623,20643045,-,2700060E02Rik,1518,4519,2843,4319,4511,4298,2910,1829,1657
chr18,24629371,24636268,+,2700062C07Rik,1037,362,373,477,376,838,495,377,293
chr19,7492114,7500394,+,2700081O15Rik,4994,178,324,347,224,520,170,99,112
chr6,133055256,133057764,+,2700089E24Rik,2509,4159,4569,4468,4465,8091,6188,3123,3294
chr2,84509377,84510865,-,2700094K13Rik,683,792,738,2786,2897,874,600,378,336
chr12,56146647,56181097,-,2700097O09Rik,1195,279,225,313,263,483,388,193,190
chr8,127363254,127386929,-,2810004N23Rik,1389,941,1233,1044,1019,2189,1512,1384,1334
chr5,124778097,124791853,+,2810006K23Rik,2875,280,429,542,517,991,649,448,444
chr7,14996034,15031936,-,2810007J24Rik,2251,37873,34570,135,150,68052,59062,46622,35910
chr11,58680741,58697840,+,2810021J22Rik,4897,204,241,443,301,559,312,152,116
chr3,88489715,88516855,+,2810403A07Rik,3013,2432,3510,4550,2758,5253,2391,1498,1440
chr11,69710859,69714488,-,2810408A11Rik,1683,4,5,145,76,19,17,6,8
chr2,165315611,165318814,-,2810408M09Rik,1870,712,854,860,835,993,570,505,518
chr9,65738129,65751358,+,2810417H13Rik,2391,230,251,2456,2580,236,109,26,12
chr8,73028194,73030638,-,2810428I15Rik,662,2783,1997,2185,2293,4485,3117,1860,1680
chr1,87942437,87952031,+,2810459M11Rik,3334,2847,2996,1274,1167,7787,5498,3698,4476
chr6,149257935,149284185,+,2810474O19Rik,6085,1030,1573,2641,2150,3500,1761,649,772
chr16,13986729,14101587,+,2900011O08Rik,2361,5,0,6,4,11,9,6,6
chr5,113515342,113592333,-,2900026A02Rik,5846,1509,2506,4324,3963,9411,6668,4447,4642
chr7,13097899,13141670,+,2900092C05Rik,857,0,0,0,0,0,0,0,0
chr11,49988352,50013617,+,3010026O09Rik,1147,128,137,445,322,1413,896,633,445
chr16,13672112,13678478,+,3110001I22Rik,1613,172,212,220,215,223,139,79,118
chr18,12327238,12348478,+,3110002H16Rik,2149,1607,1637,1957,1507,3045,1823,1240,1023
chrX,120217167,120256902,+,3110007F17Rik,924,11,2,2,10,24,14,4,6
chr1,122017763,122084766,+,3110009E18Rik,1095,55,48,91,88,69,34,25,4
chr4,108392253,108454509,+,3110021N24Rik,1816,10,10,9,4,47,17,6,54
chr1,9591347,9617223,+,3110035E14Rik,3193,30,34,190,153,39,9,12,2
chr7,88927072,88934339,-,3110040N11Rik,862,747,745,908,945,1063,767,596,569
chr4,35138530,35173129,-,3110043O21Rik,3209,738,1095,1822,1382,2008,1154,377,505
chr17,21787577,21801933,+,3110052M02Rik,4373,637,717,579,454,824,469,231,230
chr3,40698198,40740229,+,3110057O12Rik,2505,395,404,467,283,994,713,598,741
chr6,34821770,34828065,-,3110062M04Rik,3729,1292,1365,1793,1687,3769,2393,1374,1103
chr1,89366838,89372034,+,3110079O15Rik,465,0,0,0,0,0,1,2,0
chr5,139835692,139936488,-,3110082I17Rik,1466,246,391,581,591,739,467,208,302
chr5,30430123,30432626,-,3110082J24Rik,770,0,0,0,0,0,0,0,0
chr2,150136672,150188501,-,3300002I08Rik,652,10,9,13,17,12,15,0,8
chr14,33472304,33498458,-,3425401B19Rik,5551,0,0,2,2,0,0,0,0
chr14,50301693,50403042,-,3632451O06Rik,2756,4,0,2,2,7,2,2,0
chrX,53389748,53406673,+,3830403N18Rik,1028,18,2,48,52,18,8,0,0
chr14,13116722,13135745,+,3830406C13Rik,2483,718,795,1157,1124,1847,1072,606,570
chrX,61426722,61431953,+,3830417A13Rik,1653,0,0,0,0,0,0,0,0
chr19,28997553,29038644,-,4430402I18Rik,2165,150,94,24,36,244,175,94,102
chr10,59809598,59835432,+,4632428N05Rik,4853,1832,2483,4861,4852,1645,644,170,152
chr15,101382786,101393381,-,4732456N10Rik,2543,0,0,0,0,0,0,0,0
chr18,47009692,47065100,+,4833403I15Rik,3239,2,0,0,0,3,0,2,0
chr13,120251565,120274924,+,4833420G17Rik,2714,1796,2315,3836,2549,4231,2160,1017,1187
chr2,85324248,85359092,-,4833423E24Rik,1697,0,0,0,0,0,0,0,0
chr9,50889417,50910183,-,4833427G06Rik,781,0,0,0,0,0,0,0,0
chr13,54652578,54666743,-,4833439L19Rik,2683,2341,2874,2734,2609,5093,3626,2643,2814
chr17,33201087,33205003,-,4921501E09Rik,3917,0,0,0,0,0,0,0,0
chr2,19384463,19475537,-,4921504E06Rik,2021,0,0,3,0,0,0,0,0
chr12,58665101,58723096,+,4921506M07Rik,1484,6,4,4,0,23,13,10,18
chr6,50523302,50546589,-,4921507P07Rik,2344,13,6,46,31,75,40,4,12
chr2,151296277,151301887,-,4921509C19Rik,2686,0,0,2,0,0,0,0,0
chr5,7304163,7311491,+,4921511H03Rik,1049,0,0,0,0,0,0,0,0
chrX,150436132,150555228,-,4921511M17Rik,3948,0,0,0,0,0,0,0,0
chr13,59788762,59795462,-,4921517D22Rik,3147,0,0,0,0,0,0,0,0
chr8,87932657,87956740,-,4921524J17Rik,1599,907,873,1017,906,985,800,367,421
chr18,6603630,6638964,+,4921524L21Rik,1490,0,0,0,0,0,0,0,0
chr14,96280484,96281994,+,4921530L21Rik,1158,0,0,0,0,0,0,0,0
chr11,3786090,3795129,-,4921536K21Rik,2621,0,0,0,4,3,6,0,0
chr4,102903050,102963468,-,4921539E11Rik,2456,0,0,0,0,0,0,0,0
chr6,129272182,129281799,-,4922502D21Rik,1571,0,2,292,185,0,0,0,0
chr2,35231081,35252695,-,4930402F06Rik,1378,0,0,2,0,0,0,0,0
chr2,130533588,130665846,-,4930402H24Rik,4988,172,520,219,140,1110,581,888,974
chr11,54184153,54240257,+,4930404A10Rik,1412,0,0,0,1,0,0,0,0
chr10,80826768,80828565,-,4930404N11Rik,699,113,114,562,388,380,159,121,85
chr15,81889580,81896968,+,4930407I10Rik,4675,0,0,0,0,0,0,0,0
chr11,11389268,11415193,+,4930415F15Rik,759,2,0,0,0,5,2,0,0
chrX,87175435,87178191,-,4930415L06Rik,2620,0,0,0,0,0,0,0,0
chr15,98401434,98420019,+,4930415O20Rik,570,4,3,8,12,5,2,0,4
chr12,114394631,114403669,+,4930427A07Rik,3363,59,80,556,362,126,34,19,16
chrX,73638688,73643318,+,4930428D18Rik,1106,0,0,0,0,0,0,0,0
chr2,111033410,111069757,-,4930430A15Rik,1854,0,0,0,0,0,0,0,0
chrX,35391375,35396291,-,4930430D24Rik,1199,0,0,0,0,0,0,0,0
chr10,100034907,100051893,-,4930430F08Rik,2426,382,349,438,421,617,455,237,296
chr8,86671936,86696496,+,4930432K21Rik,2503,21,19,352,308,43,10,4,2
chr3,121373680,121385900,+,4930432M17Rik,1133,0,0,0,0,0,0,0,0
chr7,48242978,48250203,+,4930433I11Rik,2024,0,0,0,0,0,0,0,0
chr16,38812317,38828862,-,4930435E12Rik,1372,0,0,0,0,0,0,0,0
chr10,21786114,21787885,-,4930444G20Rik,1772,2,0,4,2,0,0,0,0
chr1,16056059,16083122,-,4930444P10Rik,722,0,2,0,0,0,0,0,0
chr15,37355308,37370399,+,4930447A16Rik,591,1,0,0,0,0,0,0,0
chr12,73982095,74018752,-,4930447C04Rik,1928,0,0,0,0,2,0,0,0
chr5,147313974,147316759,+,4930449I24Rik,1173,0,0,0,0,0,0,0,0
chr7,133973987,133975010,-,4930451I11Rik,479,0,0,0,0,0,0,0,0
chr14,9263685,9498804,-,4930452B06Rik,2767,6,16,33,43,26,20,65,16
chrX,20783705,20798791,-,4930453H23Rik,1724,0,0,0,0,0,0,0,0
chr16,64765930,64770765,-,4930453N24Rik,1334,912,1057,1307,1354,2100,1419,890,854
chr8,19729575,19753602,+,4930467E23Rik,2599,0,4,0,4,6,15,1,1
chrX,73827948,73848263,-,4930468A15Rik,1005,0,0,0,0,0,0,0,0
chr1,163086973,163089445,-,4930469G21Rik,956,0,0,0,2,0,0,0,0
chr14,36908150,36910041,+,4930474N05Rik,842,0,0,0,0,0,0,0,0
chrX,75614981,75616278,+,4930480E11Rik,1298,0,0,0,0,0,0,0,0
chr13,60943972,60965777,-,4930486L24Rik,1381,34,65,34,43,94,15,17,7
chrX,51028007,51041399,+,4930502E18Rik,1208,4,9,14,20,166,11,0,0
chr3,146309222,146314281,-,4930503B20Rik,1016,0,0,5,0,0,0,0,0
chr14,44740831,44749036,-,4930503E14Rik,1293,0,0,0,0,0,0,0,0
chr18,70612793,70632134,-,4930503L19Rik,2300,98,250,547,411,465,148,45,48
chr11,58259644,58266468,-,4930504O13Rik,602,0,0,0,0,0,0,0,0
chr11,30326005,30371829,-,4930505A04Rik,930,0,0,0,0,3,0,0,0
chr19,59047847,59150559,-,4930506M07Rik,4098,1146,2028,3078,2837,3848,2275,2008,1988
chrX,135620781,135627942,+,4930513O06Rik,806,14,10,6,2,25,14,10,6
chrX,100427619,100451945,-,4930519F16Rik,1170,0,0,0,0,0,0,0,0
chr5,115303722,115333888,+,4930519G04Rik,2053,2,0,9,8,7,3,10,0
chr4,109177936,109203902,-,4930522H14Rik,974,0,0,0,0,0,0,0,0
chr1,161974510,162008717,+,4930523C07Rik,5394,251,307,720,725,1033,704,456,303
chr11,31865632,31879651,+,4930524B15Rik,1964,4,2,0,6,0,2,0,2
chrX,150773767,150777935,-,4930524N10Rik,922,0,0,0,0,0,0,0,0
chrX,35367084,35371992,-,4930525M21Rik,830,0,0,0,0,0,0,0,0
chr4,118877659,118890822,-,4930538K18Rik,1511,9,6,14,3,22,6,12,1
chr17,29033339,29052269,-,4930539E08Rik,4606,12,20,32,20,46,25,2,2
chr11,70429395,70430392,+,4930544D05Rik,657,0,4,2,0,1,1,0,2
chr6,65902564,65904008,+,4930544G11Rik,1445,0,0,0,0,0,0,0,0
chr5,31788231,31790635,+,4930548H24Rik,1429,6,2,3,0,2,0,0,0
chr4,136166351,136169128,+,4930549C01Rik,672,0,0,0,0,0,0,0,0
chr9,53213390,53240908,+,4930550C14Rik,1246,2,5,14,6,10,4,2,0
chrX,56164637,56173481,+,4930550L24Rik,1574,0,0,4,14,0,2,0,0
chr14,5153653,5162268,+,4930555G01Rik,2070,0,0,16,10,0,0,2,0
chrX,9426828,9427378,+,4930557A04Rik,551,2,0,0,0,0,0,0,0
chr1,163872219,163909767,-,4930558K02Rik,1172,0,0,0,3,1,1,0,0
chr16,4835415,4867691,+,4930562C15Rik,4196,4,3,15,5,3,1,2,0
chr16,92319007,92321686,-,4930563D23Rik,2680,6,6,0,0,0,2,0,2
chr11,72028639,72031952,+,4930563E22Rik,3314,36,67,65,48,53,25,10,11
chr14,76042065,76066944,+,4930564B18Rik,874,0,0,0,0,0,0,0,0
chr3,104869761,104881724,+,4930564D02Rik,742,0,0,0,0,0,0,0,0
chrX,67647075,67647915,-,4930567H17Rik,841,0,0,0,0,0,0,0,0
chr2,35209737,35223249,-,4930568D16Rik,1233,0,0,0,0,0,0,0,0
chr7,132512374,132514527,+,4930571K23Rik,2154,0,0,0,0,0,0,0,0
chrX,17995552,18038400,-,4930578C19Rik,1804,0,0,0,0,0,9,0,0
chr14,64589958,64606617,-,4930578I06Rik,1037,1,1,0,0,0,0,0,0
chr3,137827098,137849677,-,4930579F01Rik,1723,0,0,0,0,3,0,2,6
chr3,79433000,79436741,+,4930579G24Rik,1971,93,89,542,465,104,48,22,48
chr6,91854226,91900719,+,4930590J08Rik,3415,2,6,3,0,0,2,2,0
chr2,179149640,179151585,+,4930591A17Rik,738,0,0,0,0,0,0,0,0
chrX,78664913,78703461,-,4930595M18Rik,2649,0,0,0,0,0,0,0,0
chr14,36622671,36625164,-,4930596D02Rik,1165,0,0,0,0,0,0,0,0
chr7,50747413,50761308,-,4931406B18Rik,3978,0,0,10,0,4,0,0,0
chr9,15087780,15110892,-,4931406C07Rik,2991,4086,5406,5659,5681,25081,19331,14928,13006
chr7,35021732,35070628,-,4931406P16Rik,5821,312,555,638,416,1045,657,590,579
chr1,26738645,26744305,-,4931408C20Rik,4333,0,0,0,0,0,0,0,0
chr5,24049251,24061287,-,4931409K22Rik,3178,0,0,2,0,0,0,0,0
chr14,55202499,55224745,-,4931414P19Rik,2592,103,144,235,144,316,175,144,172
chr6,73418566,73419661,-,4931417E11Rik,1096,0,0,0,0,0,0,0,0
chr2,23062995,23122649,+,4931423N10Rik,1853,0,0,2,0,0,0,0,0
chr8,107804308,107813428,-,4931428F04Rik,3561,184,311,966,591,412,193,111,101
chr9,40702931,40772195,-,4931429I11Rik,3077,0,2,0,6,0,2,0,0
chr9,46111443,46128069,-,4931429L15Rik,2050,14,23,8,0,3,1,0,2
chr7,111276426,111278337,-,4931431F19Rik,1912,0,0,0,0,0,0,0,2
chr11,29722394,29725668,-,4931440F15Rik,3275,6,20,16,20,4,11,26,34
chr11,89251536,89280262,-,4932411E22Rik,2669,0,0,0,0,0,0,0,0
chrX,123346993,123350397,-,4932411N23Rik,3405,0,0,0,0,0,0,0,0
chr2,68495940,68586522,+,4932414N04Rik,3672,0,0,0,0,0,0,0,0
chr8,107319136,107322692,+,4932416K20Rik,3557,0,0,0,0,0,0,0,0
chr2,26127166,26150077,-,4932418E24Rik,3157,0,0,0,0,2,0,0,0
chrX,86997606,87000830,+,4932429P05Rik,3095,0,0,0,0,0,0,0,0
chr3,36762027,36951955,+,4932438A13Rik,15969,1358,1847,2385,2061,4442,2759,1919,3676
chr16,91054179,91069390,-,4932438H23Rik,2687,0,7,32,20,2,3,0,0
chr8,13705888,13743066,+,4932443I19Rik,785,0,0,0,0,0,0,0,0
chr1,63801482,63815841,-,4933402D24Rik,1759,0,1,2,0,2,0,0,6
chrX,59536673,59545253,+,4933402E13Rik,2030,0,0,0,0,0,0,0,0
chr8,90087805,90113096,+,4933402J07Rik,1029,0,0,0,0,0,0,0,0
chr7,138281860,138289797,-,4933402N03Rik,1164,0,0,0,0,0,0,0,0
chr5,11918042,11922804,+,4933402N22Rik,1113,2,0,958,841,0,0,0,0
chr11,69630067,69631942,-,4933402P03Rik,1618,1,0,0,0,0,0,0,0
chrX,109352657,109357461,+,4933403O08Rik,1523,0,0,0,0,0,0,0,0
chr8,108232202,108234068,+,4933405L10Rik,1128,0,2,4,2,2,0,0,0
chr7,57854559,57855898,+,4933405O20Rik,1340,0,0,0,0,0,0,0,0
chr2,122012007,122032129,+,4933406J08Rik,2118,0,0,0,0,0,0,0,0
chr1,136282516,136287560,+,4933406M09Rik,1774,0,0,0,0,0,0,0,0
chr18,34739499,34757122,-,4933408B17Rik,2368,30,48,55,13,24,11,1,1
chr2,68420469,68454520,+,4933409G03Rik,1356,0,0,0,0,0,0,0,0
chr5,143942695,143966747,+,4933411G11Rik,2166,0,0,2,0,0,0,0,0
chr19,42126717,42128118,+,4933411K16Rik,1402,31,12,12,0,107,27,56,46
chr15,59846420,59848173,-,4933412E24Rik,1754,0,0,0,0,0,2,0,0
chr6,128325527,128335162,+,4933413G19Rik,1095,8,10,235,143,24,9,0,2
chr1,23107312,23109092,-,4933415F23Rik,1781,0,0,0,0,0,0,0,0
chr10,115548719,115550973,-,4933416C03Rik,2255,0,2,0,0,0,0,0,0
chrX,50989667,50994509,+,4933416I08Rik,1267,0,0,2,0,0,2,0,0
chr13,35016277,35045065,+,4933417A18Rik,1049,2,1,5,2,0,0,1,3
chr7,49700831,49703450,-,4933421I07Rik,1377,0,0,0,0,0,0,0,0
chr11,115301858,115309582,+,4933422H20Rik,1940,85,72,66,50,196,123,59,59
chr13,105872201,105911862,+,4933425L06Rik,2165,0,0,2,0,0,0,0,0
chr12,81891518,81981820,+,4933426M11Rik,5072,1097,2029,3728,3234,5108,3119,1347,1781
chr6,89046108,89060031,+,4933427D06Rik,2625,0,0,0,0,0,0,0,0
chr11,71967598,72016873,-,4933427D14Rik,4351,261,303,685,312,612,256,108,137
chr7,128126022,128158301,+,4933427G17Rik,1891,2,0,6,4,2,0,0,0
chr4,62186402,62209027,+,4933430I17Rik,1798,0,4,14,12,3,3,0,0
chr2,25068078,25070150,-,4933433C11Rik,1436,0,0,1,0,0,0,2,0
chr3,89856738,89866369,+,4933434E20Rik,1919,1283,1448,1915,1770,3123,2150,993,1047
chrX,65173038,65174625,-,4933436I01Rik,1428,0,0,0,0,0,0,0,0
chr5,26425207,26431854,-,5031410I06Rik,2952,0,0,2,0,0,0,0,0
chr14,75415833,75452339,+,5031414D18Rik,2665,199,318,1368,1202,217,73,20,14
chr15,84776149,84818401,-,5031439G07Rik,5042,1273,1721,4968,4598,4529,2449,1219,1327
chr3,108260986,108339440,-,5330417C22Rik,3347,14,26,121,152,91,86,45,97
chr6,131493779,131503775,+,5430401F13Rik,607,0,0,2,2,0,0,0,0
chrX,75233629,75238906,+,5430402E10Rik,805,0,0,0,0,0,0,0,0
chr7,138317915,138394459,+,5430419D17Rik,2951,0,0,0,0,0,0,0,0
chr15,101315560,101321943,-,5430421N21Rik,1766,4,2,88,91,1,0,0,0
chrX,83115611,83136838,+,5430427O19Rik,3837,386,396,707,675,586,141,10,12
chr1,133585271,133610041,+,5430435G22Rik,2529,245,424,401,323,734,145,28,22
chr6,133242233,133245808,+,5530400C23Rik,651,0,0,0,0,0,0,0,0
chr4,126287097,126291615,+,5730409E04Rik,2857,397,471,508,491,859,530,350,344
chr11,80173993,80191517,-,5730455P16Rik,4546,368,597,984,787,1283,1046,656,796
chr12,18521315,18542060,+,5730507C01Rik,2546,14,10,137,144,36,33,6,12
chr3,127572605,127599241,-,5730508B09Rik,1605,430,388,1166,1179,674,540,158,151
chr1,138110098,138130857,-,5730559C18Rik,3023,2,8,741,507,11,10,2,6
chr1,155696671,155698325,-,5830403L16Rik,1655,0,2,2,2,2,2,6,2
chr7,147433199,147485690,+,5830411N06Rik,3980,766,1160,191,97,21,4,4,3
chr4,46389846,46402295,-,5830415F09Rik,1564,184,225,409,353,306,136,138,121
chr9,15121357,15162232,-,5830418K08Rik,7398,279,377,1403,933,782,380,184,176
chr5,90990234,91026932,+,5830473C10Rik,2255,2071,2239,825,572,6733,4283,3759,3851
chr9,58336409,58347549,+,6030419C18Rik,2142,4,4,28,26,13,6,2,0
chr15,12737931,12754412,-,6030458C11Rik,5483,835,1202,1734,1232,1608,1013,724,745
chr11,117658973,117668622,+,6030468B19Rik,1084,1,2,19,19,0,6,0,0
chrX,36125956,36315865,+,6030498E09Rik,1188,15,20,14,13,10,10,2,2
chr1,182362503,182413635,-,6330403A02Rik,6561,8,0,26,28,24,18,4,4
chr11,70845442,70847119,-,6330403K07Rik,1600,14,20,93,61,6,2,2,0
chr7,13844315,13864070,-,6330408A02Rik,3352,97,151,257,212,283,149,120,141
chr2,32588140,32596536,-,6330409D20Rik,1121,11,16,40,45,7,6,5,0
chr4,63221393,63247387,+,6330416G13Rik,3640,1088,1300,2877,2440,2041,804,445,309
chr7,147158201,147164654,-,6430531B16Rik,1168,2,0,54,46,8,0,0,3
chr8,122638051,122689207,+,6430548M08Rik,6298,1096,1809,649,555,1011,498,255,206
chr2,155826178,155833713,-,6430550D23Rik,1978,41,21,35,45,127,46,31,30
chr9,107242970,107252014,+,6430571L13Rik,2558,10,29,28,20,85,45,100,51
chr8,37552244,37576067,+,6430573F11Rik,1829,36,59,12,12,185,128,263,253
chr13,62704374,62725542,-,6720489N17Rik,2641,90,154,180,172,100,34,10,2
chr9,98803537,98805041,+,7420426K07Rik,1505,0,0,0,0,0,0,0,0
chr1,164577373,164588350,-,7420461P10Rik,745,0,0,0,0,2,0,0,0
chr15,85323165,85333657,-,7530416G11Rik,1166,0,0,0,0,0,0,0,0
chr2,148607744,148611672,+,8030411F24Rik,604,0,0,0,0,0,0,0,0
chr13,71021825,71023381,+,8030423J24Rik,872,0,0,2,0,0,0,0,0
chr18,77872019,77952749,-,8030462N17Rik,3423,78,241,242,173,332,192,180,275
chr6,116600701,116602865,+,8430408G22Rik,1319,843,1042,1755,1288,4651,3350,4761,2073
chr6,135148004,135186258,+,8430419L09Rik,4222,995,1350,1928,1614,2440,1656,1222,1317
chr17,15115827,15128541,+,9030025P20Rik,2132,887,1146,1471,1058,3203,1629,1039,966
chr12,102017332,102110820,+,9030617O03Rik,3242,674,942,1636,1507,2590,1855,2069,1884
chr12,24728066,24782134,-,9030624G23Rik,2272,0,0,4,2,6,0,0,0
chr7,125883784,125985005,+,9030624J02Rik,3608,1175,1255,2668,2526,2602,1614,1060,1266
chr17,41012430,41017507,-,9130008F23Rik,2161,79,132,177,129,36,19,8,4
chr19,45892633,46072978,-,9130011E15Rik,2922,170,265,334,375,495,358,325,410
chr7,134525773,134530680,-,9130019O22Rik,3881,142,176,297,230,295,181,129,169
chr7,135377964,135381545,-,9130023H24Rik,3582,169,218,601,414,478,279,267,205
chr3,90892058,90894727,-,9130204L05Rik,494,0,0,0,0,0,0,0,0
chr15,57853826,57865849,-,9130401M01Rik,1313,973,858,1400,1454,2521,1599,870,846
chr1,182981367,182990798,+,9130409I23Rik,1901,863,956,156,126,1954,1623,1093,1308
chr2,148672449,148676670,-,9230104L09Rik,661,0,0,2,0,0,0,0,0
chr9,8021671,8042823,-,9230110C19Rik,1599,3,19,30,20,20,18,4,4
chr9,35645913,35651735,-,9230110F15Rik,1138,0,0,0,0,0,0,0,0
chr14,35324806,35335987,-,9230112D13Rik,781,0,2,2,0,3,0,0,0
chr10,28931448,28950585,+,9330159F19Rik,5650,2,4,4,0,0,0,0,0
chr5,9266192,9480717,+,9330182L06Rik,4649,8,8,2,6,39,28,6,17
chr15,39965910,39981556,+,9330182O14Rik,2057,0,0,0,0,0,0,0,0
chr4,144109724,144119256,+,9430007A20Rik,1410,0,0,0,0,0,0,0,0
chr4,155484106,155501372,+,9430015G10Rik,2670,422,646,2061,1359,747,233,146,154
chr1,57463391,57472802,+,9430016H08Rik,1330,1376,1057,1312,1358,2454,1929,1063,947
chr18,4634926,4682867,+,9430020K01Rik,6735,356,539,703,656,540,307,216,291
chr7,144567251,144602439,-,9430038I01Rik,1129,391,384,1303,1291,842,626,315,309
chr15,34278805,34287627,-,9430069I07Rik,576,0,3,3,5,6,7,0,0
chr4,122366501,122382378,+,9530002B09Rik,830,0,0,1,0,0,0,0,0
chr10,116670808,116675737,-,9530003J23Rik,1223,0,0,0,0,2,0,0,0
chr7,28914484,28949830,+,9530053A07Rik,7942,2,11,10,1,16,14,2,0
chr11,52209929,52222225,+,9530068E07Rik,2470,6343,6574,8789,8579,13138,10029,6376,7298
chr9,22216020,22249123,+,9530077C05Rik,2164,27,7,343,243,28,27,6,8
chr6,127035133,127059570,-,9630033F20Rik,3659,547,879,970,749,1162,880,566,533
chr17,48262554,48283257,-,9830107B12Rik,3734,12,12,12,2,7,5,0,0
chr7,49864895,49897974,-,9830147E19Rik,5015,236,334,305,228,604,343,156,200
chr14,70554211,70559309,-,9930012K11Rik,1993,24,53,163,126,103,21,22,14
chr19,29788891,29880499,-,9930021J03Rik,8034,283,584,790,642,1949,1091,554,851
chr4,124614291,124621905,+,9930104L06Rik,2947,434,609,891,665,670,357,210,262
chr11,48759651,48792883,-,9930111J21Rik1,3867,42,79,605,674,421,128,42,26
chr11,48779318,48864744,-,9930111J21Rik2,4812,124,156,1293,1242,458,167,28,28
chr2,154839305,154876748,+,a,696,0,0,1,0,0,0,1,0
chr1,194999662,195004026,+,A130010J15Rik,3837,373,437,690,633,792,557,239,397
chr15,60749143,60752825,-,A1bg,1830,6,6,2,0,9,3,10,10
chr19,31943250,32023896,+,A1cf,3840,452,1063,297,276,3802,2549,2945,5036
chr10,83006685,83059218,+,A230046K03Rik,5891,956,1511,2714,2236,2732,1932,846,952
chr9,20673085,20678751,+,A230050P20Rik,1691,3796,4177,5097,2662,10522,4750,3428,2364
chr12,112645019,112650288,+,A230065H16Rik,661,0,0,20,31,2,0,0,0
chr6,121586190,121629256,+,A2m,4707,83,98,171,129,61,40,158,183
chr17,69788665,69838573,+,A330050F15Rik,2298,0,0,0,0,0,0,0,0
chr5,130854720,130860501,-,A330070K13Rik,636,2,0,0,0,0,0,0,0
chr4,128436501,128446542,+,A3galt2,3395,6,8,20,14,10,7,0,4
chr4,153331345,153336033,+,A430005L14Rik,1101,2753,2036,1950,2073,3601,2566,1691,1558
chr5,139064086,139090054,+,A430033K04Rik,3146,99,157,155,116,353,247,190,177
chr8,3353414,3390299,+,A430078G23Rik,2978,23,35,164,91,51,5,4,5
chr5,94731543,95384376,-,A430089I19Rik,3705,0,4,1,4,8,4,4,0
chr2,118579880,118588397,-,A430105I19Rik,4727,298,436,489,280,525,145,90,40
chr14,54285614,54288010,+,A430107P09Rik,2239,4,0,2,0,2,0,2,0
chr15,83057151,83082204,-,A4galt,2178,54,73,743,623,109,69,7,22
chr9,99512920,99522786,+,A4gnt,2760,0,2,2,0,12,6,8,0
chr12,113727658,113738138,+,A530016L24Rik,2641,0,0,2,4,21,21,0,6
chr1,85084713,85106428,-,A530032D15Rik,1767,155,134,2021,2149,601,75,22,29
chr13,67717937,67738690,-,A530054K11Rik,5183,226,299,466,423,516,252,106,190
chr17,48288845,48304207,-,A530064D06Rik,1904,67,57,204,151,258,76,5,4
chr13,19819285,19824820,-,A530099J19Rik,2775,22,14,22,26,17,12,4,4
chr1,87613657,87633181,-,A630001G21Rik,1942,706,843,2022,1426,641,147,17,18
chr14,34864315,34915940,-,A630023A22Rik,1339,0,0,3,0,0,0,0,0
chrX,104344265,104369000,+,A630033H20Rik,3393,263,463,103,79,374,140,4,2
chr6,132575128,132577529,-,A630073D07Rik,487,0,0,0,0,0,0,0,0
chr3,107033531,107036949,+,A630076J17Rik,669,8,59,2,5,18,31,61,17
chr9,36443338,36446187,-,A630095E13Rik,623,0,0,0,0,0,0,0,0
chr1,75216669,75228668,-,A630095N17Rik,771,0,2,2,0,6,5,1,5
chr1,90161402,90174132,-,A730008H23Rik,2222,585,2160,2467,1523,7122,2957,1956,1494
chr18,59222034,59236614,+,A730017C20Rik,1946,0,0,0,0,0,0,0,0
chr5,107926763,107941575,+,A830010M20Rik,6762,46,101,483,349,261,142,129,75
chr1,11404185,11965983,+,A830018L16Rik,8307,0,0,23,10,0,0,0,0
chrX,155970599,156031013,+,A830080D01Rik,3378,209,233,464,418,337,122,54,62
chr10,115007041,115019510,+,A930009A15Rik,1012,2,2,2,3,7,3,2,1
chr2,103962925,103964903,+,A930018P22Rik,821,6,14,4,0,17,13,16,4
chr4,119202922,119211374,-,AA415398,1903,186,256,195,149,463,284,159,192
chr2,122463622,122466812,+,AA467197,645,63,72,642,687,42,13,0,0
chr5,94806364,94813359,+,AA792892,1215,5,2,5,1,8,12,0,2
chr1,132628552,132641199,+,AA986860,2913,110,141,230,160,166,117,67,44
chr13,67690375,67710644,-,AA987161,4839,339,395,630,500,830,577,279,305
chr15,102168677,102181190,-,Aaas,1832,300,408,1457,1118,1185,698,457,403
chr5,125956242,125997773,+,Aacs,3191,5343,8120,1620,1205,5149,3200,8371,5193
chr3,59835709,59844079,+,Aadac,1299,16698,15684,5297,5238,60481,48122,41438,43807
chr3,59810664,59829342,+,Aadacl2,1595,0,0,0,0,0,0,0,0
chr4,144043673,144053659,-,Aadacl3,3157,0,0,0,0,0,0,0,0
chr8,62984920,63024474,+,Aadat,1793,2417,2534,1343,1561,7716,6085,5897,5369
chr9,63450461,63489696,+,Aagab,2610,1527,1958,2624,2467,3372,2346,2095,1733
chr6,86799510,86953221,+,Aak1,19366,564,887,2055,1467,1564,877,475,719
chr1,74326413,74331312,-,Aamp,1831,6503,7233,7709,7045,17021,12146,7799,7873
chr15,51871652,51877269,+,Aard,1350,103,145,65,81,113,74,38,50
chr8,113557866,113580770,+,Aars,4912,6999,8945,7605,7170,25807,18270,15082,12413
chr17,45643789,45657792,+,Aars2,3371,763,1025,1545,1004,2251,1288,1247,1115
chr11,101268153,101278747,-,Aarsd1,1345,1279,1328,1724,1547,3104,2241,1713,1413
chr5,77304959,77334539,-,Aasdh,3710,242,415,534,351,780,418,328,328
chr9,4294792,4309494,-,Aasdhppt,2876,1735,1610,1542,1435,3329,2606,1615,1546
chr6,23022172,23082986,-,Aass,3725,7774,9385,9100,8948,21503,18132,13875,16424
chr11,84236357,84327003,-,Aatf,1813,950,887,939,976,2171,1332,675,776
chr11,119868631,119908459,-,Aatk,5753,174,275,1732,1017,1549,987,434,135
chr9,21330620,21349775,+,AB124611,1314,1495,1833,1734,1728,1632,666,120,40
chr16,8513521,8621660,+,Abat,4651,3884,5469,2496,2554,15369,12869,18153,19334
chr4,53043660,53172767,-,Abca1,10310,3743,5680,4710,3767,12984,9577,4921,8109
chr1,71289663,71461484,-,Abca12,8376,0,0,0,0,0,0,2,0
chr11,9091944,9584262,+,Abca13,16073,4,16,134,122,2,1,0,0
chr7,127347477,127468866,+,Abca14,5415,17,12,10,9,71,25,12,4
chr7,127472197,127551201,+,Abca15,5366,0,0,0,0,0,0,0,0
chr7,127565214,127688325,+,Abca16,5114,1,0,0,0,0,0,0,0
chr17,24401223,24484197,-,Abca17,5232,5,2,31,35,10,2,4,6
chr2,25284193,25304059,+,Abca2,8109,1300,1939,3854,2515,4828,2918,2462,2851
chr17,24488990,24547146,+,Abca3,6486,1247,1747,3907,2855,6146,4163,3325,3426
chr3,121747377,121882979,+,Abca4,7298,4,12,12,12,26,19,14,2
chr11,110130682,110199030,-,Abca5,8308,180,218,239,202,384,328,192,265
chr11,110038135,110113090,-,Abca6,5757,2175,2545,1791,1490,7259,4877,4508,7433
chr10,79460359,79478317,+,Abca7,6640,1600,1868,5186,3216,1736,707,407,315
chr11,109886947,109957251,-,Abca8a,5655,1000,1655,748,523,4582,3126,3422,7040
chr11,109794719,109857130,-,Abca8b,6217,1068,1261,1282,955,5093,3211,2507,4475
chr11,109962135,110029467,-,Abca9,6307,108,270,580,440,653,271,138,167
chr8,126476358,126507022,-,Abcb10,4319,1664,2040,1318,1199,4476,3140,2692,3155
chr2,69076338,69180673,-,Abcb11,4923,11144,12074,5910,4992,49653,38947,32546,34862
chr5,8660091,8748570,+,Abcb1a,5005,315,451,306,261,887,432,205,258
chr5,8798146,8866314,+,Abcb1b,4372,292,363,568,447,496,197,110,156
chr5,8893720,8959226,+,Abcb4,4103,4335,5039,4731,3918,22009,13606,8822,9923
chr12,120106296,120204894,-,Abcb5,3904,0,0,0,0,0,0,0,0
chr1,75168214,75176857,-,Abcb6,2952,2312,2571,1326,1254,7081,5030,4089,4209
chrX,101475903,101609185,-,Abcb7,5775,1799,2278,2097,2251,4502,3562,1602,1615
chr5,23899973,23915765,+,Abcb8,2956,1201,1396,1657,1461,3375,2312,2026,1636
chr5,124511865,124545807,-,Abcb9,3346,125,144,688,722,290,144,123,82
chr16,14361650,14474971,+,Abcc1,5966,332,596,2065,1630,1084,246,71,60
chr17,46440178,46464972,-,Abcc10,5730,879,1167,1645,844,2339,1044,518,387
chr8,89028739,89090489,-,Abcc12,4540,6,18,5,0,22,3,6,13
chr19,43856797,43912708,+,Abcc2,5421,3430,5429,3004,2340,22466,12694,10962,13744
chr11,94204608,94254290,-,Abcc3,5033,3975,5283,6343,5526,21342,13560,12545,13018
chr14,118881913,119105441,-,Abcc4,5927,236,322,648,586,539,220,92,135
chr16,20331376,20426467,-,Abcc5,6228,547,1219,1734,1082,2072,432,180,125
chr7,53231749,53285656,-,Abcc6,4989,4765,6697,3007,1819,20448,11218,9813,8990
chr7,53359892,53435403,-,Abcc8,4991,0,2,0,9,0,0,0,0
chr6,142536381,142650794,-,Abcc9,7579,729,1297,1709,1752,2398,1138,737,861
chrX,70961935,70983626,+,Abcd1,3411,749,1403,2303,1752,2044,1101,1081,898
chr15,90976301,91022238,-,Abcd2,5550,503,867,579,628,3705,2277,764,1586
chr3,121461827,121518133,-,Abcd3,3422,15380,17053,5731,5558,37642,30731,32408,28563
chr12,85943480,85958416,-,Abcd4,2546,636,690,1074,720,1547,886,654,578
chr8,82207340,82235639,-,Abce1,3831,3469,4110,5439,5584,7845,5576,3634,3879
chr17,36093763,36106695,-,Abcf1,3173,3340,3804,5085,4321,6421,4270,3044,3082
chr5,24071158,24083285,-,Abcf2,2587,1506,2063,2501,2169,3716,2515,1923,1948
chr16,20548675,20561676,+,Abcf3,3309,2702,3283,2214,1845,5074,3251,2544,2808
chr17,31194638,31254926,+,Abcg1,5833,1621,2548,2169,2206,2690,1020,222,176
chr6,58546665,58642445,+,Abcg2,2507,2521,2803,1559,1536,8488,6606,5513,4664
chr5,105364075,105411736,-,Abcg3,3050,821,1274,2689,2293,826,288,58,56
chr9,44081272,44096327,-,Abcg4,3641,4,6,12,14,20,2,2,2
chr17,85057573,85082263,-,Abcg5,2276,2376,3156,1078,916,10193,6340,3453,8043
chr5,31252438,31257468,+,Abhd1,1365,297,436,808,492,847,387,387,221
chr16,45730509,45743019,-,Abhd10,2132,298,394,717,632,718,456,290,276
chr5,135485021,135488045,+,Abhd11,1705,2811,2740,3344,2385,5519,3525,2279,1929
chr2,150658250,150730467,-,Abhd12,1980,1699,2102,3513,3512,5003,2519,1691,1395
chr12,71255157,71284193,+,Abhd12b,1093,0,1,109,98,0,0,0,0
chr8,9977716,9992154,+,Abhd13,5183,803,1148,1295,1354,1980,1465,806,899
chr9,106342381,106350009,-,Abhd14a,1440,437,410,480,466,1078,746,742,624
chr9,106350970,106355249,+,Abhd14b,1479,9586,9941,4564,4485,27451,20701,15087,13425
chr11,77328618,77334130,+,Abhd15,3251,611,865,978,928,1884,1377,1675,1392
chr17,35226235,35239932,+,Abhd16a,1965,1748,2139,2708,2390,4922,3106,2556,2090
chr2,181227910,181229685,+,Abhd16b,1776,4,0,24,25,1,2,0,2
chr7,86418151,86506487,+,Abhd2,2914,140,411,516,423,469,387,333,945
chr18,10644408,10706694,-,Abhd3,1896,3063,2534,1239,1263,5971,5197,3361,3459
chr14,54873803,54888844,+,Abhd4,2757,938,1349,1369,1434,4902,3329,2446,2114
chr9,122260733,122290641,+,Abhd5,3155,1282,1382,1242,1291,2859,2122,1746,1660
chr14,8835415,8889069,+,Abhd6,2027,742,657,820,755,2320,1821,1875,1548
chr8,73980598,73987556,-,Abhd8,1990,325,425,912,909,564,395,256,293
chr2,22795508,22895760,-,Abi1,3515,2274,3093,4726,4484,4639,3062,1369,1600
chr1,60466462,60538007,+,Abi2,5985,168,299,1072,1052,633,340,100,165
chr11,95691385,95703790,-,Abi3,4083,2490,2896,3125,2891,3967,1943,1153,667
chr16,56477958,56690248,+,Abi3bp,4783,218,208,303,252,318,196,135,139
chr2,31544075,31659747,+,Abl1,7191,703,1281,2444,2049,3697,1827,1014,1036
chr1,158488917,158579750,+,Abl2,10726,424,669,1344,1015,990,534,364,382
chr19,57107753,57290522,-,Ablim1,7100,885,1430,3218,2490,3305,1878,1729,1965
chr5,36100528,36227628,+,Ablim2,3784,94,177,206,131,408,190,84,93
chr18,61959046,62071506,-,Ablim3,4585,592,924,689,545,1534,1008,1089,1426
chr2,26698022,26720499,-,Abo,1785,0,0,0,0,0,0,2,0
chr11,76230235,76391229,-,Abr,5825,1301,2154,2978,2521,2190,597,109,101
chr15,41696838,41701266,-,Abra,1764,0,0,0,0,0,2,0,1
chr13,23510229,23515735,-,Abt1,4459,773,781,785,708,1327,926,600,598
chr6,88785907,88791929,-,Abtb1,1892,1254,1233,1706,1276,3185,1938,1371,1128
chr2,103406466,103558580,+,Abtb2,4575,214,332,399,309,1048,614,1061,1388
chr9,119250411,119259413,+,Acaa1a,1770,15893,17581,7761,7252,44571,31364,43524,32769
chr9,119057160,119066211,-,Acaa1b,1681,21040,25018,3132,2855,126059,89231,126744,99637
chr18,74938865,74965861,+,Acaa2,1510,25547,28038,12659,13608,80187,60530,61368,56502
chr11,84008939,84215153,+,Acaca,9086,3387,4903,4346,3289,8352,5333,4787,3772
chr5,114615526,114700767,+,Acacb,8537,2503,3416,783,559,6977,4851,8720,3914
chr5,122071037,122110519,-,Acad10,3642,1047,1618,941,731,2698,2092,1965,2163
chr9,103966032,104029976,+,Acad11,3368,5982,7724,4073,3944,20314,15308,15812,18092
chr5,122048289,122068947,-,Acad12,2386,363,490,334,317,750,571,729,671
chr9,26781725,26807134,-,Acad8,2873,2081,2399,1884,1815,5732,4564,4090,4579
chr3,35964921,35991779,+,Acad9,3931,1483,1641,2897,2595,4533,3569,2719,2143
chr1,66877426,66909841,-,Acadl,1903,7054,7579,6646,7267,20332,15080,12183,12319
chr3,153585322,153607396,-,Acadm,1857,11183,12242,8615,8116,27822,20825,18060,19434
chr5,115560307,115569322,-,Acads,1847,6233,5987,2892,3008,14710,11056,11088,9677
chr7,138554114,138589725,+,Acadsb,3359,3789,5004,2770,2765,10523,8964,7352,8062
chr11,69823693,69828909,-,Acadvl,2178,15313,17053,8058,7573,38416,29424,27649,26651
chr7,86198368,86259985,+,Acan,7372,0,0,0,0,0,0,0,0
chr11,69695068,69709041,-,Acap1,2504,1070,1482,12192,7693,992,313,156,99
chr16,31092498,31201324,-,Acap2,6516,760,1562,3896,3045,2809,1600,739,766
chr4,155265983,155281360,+,Acap3,4336,412,595,1041,712,767,318,168,144
chr9,53388626,53418455,-,Acat1,3385,10939,11740,7045,7199,34770,26942,31587,30394
chr17,13135907,13153591,-,Acat2,2085,6976,11763,6511,6458,35623,25173,19610,18501
chr17,13116824,13133262,-,Acat3,2000,12246,15954,13166,12842,58895,44049,29564,30510
chr1,182656173,182684335,+,Acbd3,3479,863,1255,1798,1608,1944,1200,751,962
chr11,102963001,102973513,+,Acbd4,2086,1896,1942,1993,1575,5245,3780,3345,3353
chr2,22923720,22970032,+,Acbd5,3823,6879,9438,5066,4805,18898,14767,9437,12128
chr1,157405249,157534363,+,Acbd6,1952,1251,1146,1478,1514,3653,2473,1607,1451
chr2,3253439,3258269,+,Acbd7,539,2,0,0,0,2,0,0,0
chr2,93675609,93689933,-,Accs,2013,116,215,1176,756,411,186,84,112
chr2,93695519,93709260,-,Accsl,2183,0,0,148,144,0,0,0,0
chr8,108222058,108224995,-,Acd,1436,695,942,1313,934,1435,829,569,588
chr11,105829258,105851278,+,Ace,5128,86,121,412,352,342,141,48,35
chrX,160577273,160626350,+,Ace2,3664,14,20,2,12,41,33,20,14
chr11,105855988,105866757,+,Ace3,2228,0,0,0,0,2,0,0,0
chr17,57092912,57121549,-,Acer1,2435,0,0,3,0,1,0,0,0
chr4,86520317,86566785,+,Acer2,4210,717,1130,960,796,1001,598,329,230
chr7,105362169,105458037,-,Acer3,4069,1698,1572,3402,3249,2312,1481,565,442
chr5,137729504,137735691,+,Ache,2188,35,64,22,24,52,19,14,8
chr14,55260997,55305768,-,Acin1,4988,3343,4481,9166,6067,7393,3644,2553,2611
chr11,100337665,100389314,-,Acly,4456,9686,12436,6377,6268,18718,14286,32360,23898
chr1,129625989,129664141,+,Acmsd,2313,565,837,1193,1213,942,816,1103,1530
chr6,6906017,6989220,+,Acn9,552,308,257,326,289,423,362,216,190
chr4,49456403,49463981,-,Acnat1,5051,2414,3028,3310,2857,12638,9262,6084,6388
chr4,49392716,49421023,-,Acnat2,1664,1528,1673,5209,5044,5466,3889,1575,728
chr4,40090297,40146042,+,Aco1,4340,6649,8253,6090,5738,21098,15843,15365,14822
chr15,81702892,81745567,+,Aco2,2786,4729,6380,6346,6005,12658,8740,7836,6999
chr12,85350451,85358619,+,Acot1,1561,84,114,559,476,809,584,3046,2529
chr15,20594968,20596505,-,Acot10,1538,168,194,400,396,470,151,44,55
chr4,106417165,106472436,-,Acot11,5684,491,610,663,469,984,632,544,142
chr13,91881125,91925753,+,Acot12,3064,3095,3572,1644,1368,7977,5628,3552,4701
chr13,24909823,24923358,-,Acot13,689,5951,4216,3338,3342,8878,6672,3791,3213
chr12,85328810,85334825,+,Acot2,2201,68,102,534,550,522,346,1456,983
chr12,85393100,85400514,+,Acot3,2597,224,233,369,307,1072,670,745,787
chr12,85379328,85385673,+,Acot4,2328,1137,1041,994,862,2172,1716,1292,1194
chr12,85410274,85416969,+,Acot5,1521,6,4,36,16,8,14,149,120
chr12,85441603,85450733,+,Acot6,1825,4,8,63,47,21,30,73,71
chr4,151552208,151645964,+,Acot7,1871,916,1043,3552,3811,2018,1385,1151,1073
chr2,164618267,164630381,-,Acot8,1157,781,718,875,815,1687,1168,923,640
chrX,151697042,151732050,+,Acot9,1563,474,440,990,832,923,295,139,130
chr11,116033201,116060359,-,Acox1,4001,30560,43852,22207,21312,208166,167536,121621,103829
chr14,9058024,9091533,-,Acox2,2643,2647,3744,5455,5450,16031,11911,13001,14434
chr5,35925708,35956450,+,Acox3,3975,612,1257,2386,1688,2719,1667,1316,1049
chr2,127680363,127949628,+,Acoxl,2879,2,6,12,9,6,4,0,2
chr12,31578190,31596477,-,Acp1,3228,2783,3226,3529,3617,7205,5793,2784,3152
chr2,91043068,91054255,+,Acp2,4664,3139,4390,5448,4292,6906,3374,2813,2708
chr9,21931170,21940190,-,Acp5,1623,10801,10529,8643,9509,19476,13182,7590,7157
chr3,96962699,96980499,+,Acp6,1766,1573,1787,1435,1396,4717,3071,1988,1830
chr9,104190569,104240052,-,Acpp,5969,314,370,806,774,1018,997,327,232
chr7,51508456,51512574,-,Acpt,1289,2,0,0,0,0,0,0,0
chr15,89398756,89405016,+,Acr,1509,8,7,10,0,26,12,2,0
chr6,124999944,125013283,+,Acrbp,2164,620,675,619,293,636,199,112,72
chr9,36500804,36506422,+,Acrv1,1099,0,0,0,0,0,0,0,0
chr9,54452803,54509692,-,Acsbg1,2789,36,47,2188,1722,48,37,10,4
chr17,56982526,57013870,-,Acsbg2,2623,0,0,0,0,0,0,0,0
chr11,94418415,94463100,-,Acsf2,3085,3280,4462,2611,2447,15151,11027,7481,5260
chr8,125299404,125341781,+,Acsf3,2217,817,1067,815,820,3010,1966,2370,1769
chr8,47556395,47621404,+,Acsl1,3912,17084,19936,5148,4665,54959,44287,51379,47393
chr1,78654399,78704318,+,Acsl3,3966,1251,1719,1675,1565,4733,3388,1986,2378
chrX,138752535,138825078,-,Acsl4,5296,3769,4176,4240,3694,4358,3128,2152,2472
chr19,55327858,55371118,+,Acsl5,3173,9688,12265,11633,11368,43799,32196,34520,29938
chr11,54117325,54175041,+,Acsl6,3098,2,8,10,5,18,8,23,6
chr7,126761341,126806029,+,Acsm1,2050,17443,15341,7992,7798,41031,30802,23985,19246
chr7,126697853,126744208,+,Acsm2,6753,74,50,72,68,97,60,83,51
chr7,126904436,126928410,+,Acsm3,2875,2263,2811,1964,1844,7387,6337,5163,5067
chr7,126833539,126858080,+,Acsm4,2167,8,11,3,0,14,13,13,10
chr7,126669778,126686874,+,Acsm5,2505,3344,4720,1676,1458,14324,8936,6832,6635
chr2,150443846,150493976,-,Acss1,3608,303,457,132,85,167,77,10,20
chr2,155343778,155388479,+,Acss2,2851,6162,8743,2878,2601,21853,15630,22481,10407
chr10,106373219,106560720,-,Acss3,3121,4,32,16,10,234,192,358,254
chr8,126415666,126418636,-,Acta1,1440,0,0,6,0,2,0,0,0
chr19,34315580,34329826,-,Acta2,1789,65,164,636,730,209,252,127,102
chr5,143664794,143668403,-,Actb,1895,50278,51054,112879,118759,94744,43036,21377,17556
chr13,112045220,112047957,+,Actbl2,2738,0,0,4,10,0,0,0,0
chr2,113873024,113878547,-,Actc1,1397,0,0,10,2,12,4,4,0
chr11,120207003,120209798,-,Actg1,1900,17183,18685,43787,42265,28371,12147,7304,6153
chr6,83462902,83486245,-,Actg2,1324,10,4,12,23,6,16,6,2
chr3,32607467,32625893,+,Actl6a,1983,1602,1540,3126,2875,2547,1773,1333,1228
chr5,137994782,138010801,+,Actl6b,1562,2,5,2,0,4,2,4,3
chr4,56756293,56757797,+,Actl7a,1505,0,0,0,0,2,0,0,0
chr4,56752876,56754297,-,Actl7b,1422,1,0,0,0,0,2,0,0
chr17,33569843,33571212,+,Actl9,1370,4,10,4,1,12,4,8,10
chr12,81268528,81361358,-,Actn1,3760,1006,1678,8849,8696,4409,2443,1202,1112
chr13,12361693,12432999,-,Actn2,3005,39,11,80,66,11,4,2,0
chr19,4861222,4877884,-,Actn3,2876,4,2,0,4,5,2,0,5
chr7,29678272,29747299,-,Actn4,3832,5133,6515,9317,9328,13328,9003,8294,8775
chr12,72038843,72065704,+,Actr10,4034,2519,2077,3056,3333,5329,3410,1937,1930
chr19,46451303,46470225,-,Actr1a,2753,2113,3071,3643,3210,5447,3487,2470,2337
chr1,36756046,36766770,-,Actr1b,2088,1252,2173,6465,4743,4448,2879,2673,2547
chr11,19962306,20012954,-,Actr2,3678,5562,8057,17117,17793,14053,9047,4382,5251
chr1,127289481,127332304,-,Actr3,2758,8609,9716,25886,26324,12105,6285,2320,2353
chr5,25265843,25356159,+,Actr3b,1723,69,94,39,45,42,13,8,6
chr2,158450648,158464947,+,Actr5,2386,491,566,832,637,859,573,355,361
chr10,89174717,89195040,-,Actr6,1714,979,986,1141,938,885,702,371,380
chr14,30791522,30806407,+,Actr8,2134,1125,1304,1255,1199,2298,1658,1216,1189
chrX,43682183,43683522,+,Actrt1,1340,0,0,0,0,0,0,0,0
chr4,154040536,154041976,-,Actrt2,1441,0,0,0,0,0,0,0,0
chr2,58298848,58419239,-,Acvr1,3311,558,809,715,628,1441,1004,595,638
chr15,101004555,101043032,+,Acvr1b,3286,103,322,432,311,716,398,308,363
chr2,58119863,58210169,-,Acvr1c,9059,6,10,30,20,17,2,2,0
chr2,48669628,48758784,+,Acvr2a,5692,722,924,782,671,1676,1448,769,976
chr9,119311618,119342624,+,Acvr2b,1711,95,80,45,82,241,174,88,78
chr15,100958967,100975767,+,Acvrl1,3636,626,728,464,489,1919,475,120,101
chr9,106335326,106340567,-,Acy1,1446,1134,1354,1018,867,3518,2652,2051,1830
chr19,3986660,3990005,+,Acy3,1509,1291,1660,641,706,7451,5746,4550,3807
chr12,86613347,86621385,-,Acyp1,651,630,496,665,554,644,549,400,367
chr11,30405991,30549396,-,Acyp2,675,320,306,299,322,277,191,75,77
chr2,163552319,163575913,-,Ada,1638,94,81,2053,1998,277,104,77,42
chr3,36962577,37010434,+,Adad1,1984,0,0,0,0,0,0,0,0
chr8,122136646,122140826,+,Adad2,1938,0,0,0,0,4,0,0,0
chr2,120967876,120982414,+,Adal,2327,375,601,436,428,1138,754,572,695
chr9,70526807,70628036,+,Adam10,4605,2019,2381,4580,4793,3818,2378,904,1083
chr11,102622752,102641576,+,Adam11,5128,1231,2156,4205,1920,7150,3619,1206,632
chr7,141074882,141416780,-,Adam12,7697,10,18,263,251,92,37,16,12
chr3,89143561,89153932,-,Adam15,3012,618,700,1019,768,726,321,118,113
chr12,21329369,21379452,-,Adam17,4429,1686,2167,3018,2738,4028,2143,983,1136
chr8,25712717,25785227,-,Adam18,2381,0,0,0,0,0,0,0,0
chr11,45869488,45960844,+,Adam19,6410,193,323,521,316,453,173,30,38
chr5,121968612,121971704,-,Adam1a,3093,94,193,210,146,209,88,38,51
chr5,121950105,121952989,-,Adam1b,2885,6,38,50,38,53,32,16,8
chr14,66646165,66696570,-,Adam2,2572,3,6,1,0,2,1,0,2
chr12,82659570,82669461,-,Adam21,2913,0,4,8,4,8,8,2,4
chr5,8072351,8368081,-,Adam22,9287,35,71,267,169,153,56,18,8
chr1,63492477,63643089,+,Adam23,6903,1258,1244,1902,1678,924,497,145,143
chr8,41760447,41767553,+,Adam24,2872,0,0,0,2,0,0,0,0
chr8,41837561,41841530,+,Adam25,2623,0,0,0,0,0,0,0,0
chr8,44653629,44662061,-,Adam26a,2493,0,0,0,0,0,0,0,0
chr8,44605217,44613491,-,Adam26b,2407,0,0,0,0,0,0,0,0
chr14,69224083,69273899,-,Adam28,3887,0,2,0,0,2,2,0,0
chr8,58349708,58385761,-,Adam29,2744,0,0,0,0,0,0,0,0
chr8,25787705,25836297,-,Adam3,2729,0,4,0,0,0,0,0,0
chr3,97964734,97967096,+,Adam30,2363,0,0,0,0,0,0,0,0
chr8,25946614,26059276,-,Adam32,2469,21,30,3,2,28,3,7,5
chr2,130876552,130889550,-,Adam33,3186,101,142,157,67,296,93,45,31
chr8,44735662,44750914,-,Adam34,2509,0,0,0,0,0,0,0,0
chr8,41908362,41912215,+,Adam39,2443,0,0,0,0,0,0,0,0
chr12,82520535,82522865,-,Adam4,2331,76,95,95,72,91,32,15,14
chr8,25843456,25934841,-,Adam5,2812,0,0,0,2,0,0,0,0
chr12,114782118,114784625,+,Adam6a,2508,0,0,0,0,0,2,0,0
chr12,114727775,114730046,+,Adam6b,2272,0,10,0,6,8,4,0,0
chr14,69115393,69151746,-,Adam7,3491,2,0,0,2,5,0,2,4
chr7,147164839,147178387,-,Adam8,3058,149,253,1597,1126,261,56,18,9
chr8,26060082,26127394,-,Adam9,4008,2604,3224,3582,3333,6632,5122,3102,4125
chr14,69181443,69200129,-,Adamdec1,2426,5270,6191,939,955,816,460,61,40
chr16,85794072,85803360,-,Adamts1,4894,541,740,965,792,931,449,317,353
chr15,10994544,11276622,+,Adamts12,6258,4,4,23,23,12,8,4,4
chr2,26828935,26865145,+,Adamts13,4609,179,313,72,67,513,225,223,192
chr10,60659859,60736186,-,Adamts14,5210,116,143,147,123,276,84,42,42
chr9,30706739,30730037,-,Adamts15,5936,53,126,204,156,244,136,44,40
chr13,70866685,70980688,-,Adamts16,4997,0,4,10,8,32,1,10,6
chr7,73984620,74297511,+,Adamts17,6052,0,6,41,26,0,3,4,2
chr8,116222036,116372739,-,Adamts18,4878,0,2,0,0,0,0,2,0
chr18,58996417,59213332,+,Adamts19,4689,0,0,0,0,0,0,0,0
chr11,50415586,50617551,+,Adamts2,3763,79,150,609,600,641,221,160,143
chr15,94100593,94234781,-,Adamts20,8811,0,4,384,200,0,0,1,0
chr5,90102865,90312359,-,Adamts3,7686,24,32,143,106,20,7,4,6
chr1,173180552,173190053,+,Adamts4,3682,2,16,45,25,17,12,5,10
chr16,85858401,85901370,-,Adamts5,8112,99,125,121,91,395,135,67,55
chr13,105077952,105284843,+,Adamts6,4847,6,24,54,28,145,79,18,29
chr9,90057815,90094940,+,Adamts7,5370,538,638,381,226,1198,624,554,489
chr9,30750147,30770443,+,Adamts8,3641,0,4,4,2,3,1,0,0
chr6,92722692,92851435,-,Adamts9,6066,85,103,176,161,288,112,53,61
chr4,85699818,86074286,+,Adamtsl1,7867,30,30,46,31,111,66,21,23
chr2,26934900,26964133,+,Adamtsl2,3261,138,242,903,512,1130,436,253,256
chr7,89484203,89762958,+,Adamtsl3,7315,8,18,43,47,15,2,6,8
chr3,95480126,95491781,-,Adamtsl4,3874,189,330,292,177,349,160,96,86
chr5,139747829,139801418,-,Adap1,2410,672,862,1624,1370,913,242,26,6
chr11,79967663,79992329,+,Adap2,1608,213,687,680,443,1681,737,678,641
chr3,89518943,89557377,+,Adar,6055,1327,2027,5598,4010,3885,1964,1142,1036
chr10,76753471,76881018,-,Adarb1,6644,492,688,463,344,1308,758,353,393
chr8,114490807,114516202,-,Adat1,3169,183,337,221,142,318,221,192,208
chr10,13272712,13283182,+,Adat2,1459,87,123,162,163,350,218,167,157
chr10,80065624,80070399,+,Adat3,1413,79,124,273,223,209,83,60,68
chr12,89599244,89700162,+,Adck1,2298,333,476,639,574,1423,905,853,835
chr6,39523874,39538768,+,Adck2,3547,668,667,882,745,1143,649,525,435
chr1,182095368,182126151,-,Adck3,4092,3145,3781,2259,1997,19817,15286,32938,30593
chr7,28018031,28042968,+,Adck4,2205,1210,1325,1864,1542,2365,1523,961,1238
chr15,76406788,76426241,+,Adck5,2049,824,812,1694,1133,3296,2105,1883,1819
chr11,6963491,7078508,+,Adcy1,12278,8,22,102,91,27,22,14,32
chr1,167415313,167506904,+,Adcy10,5243,0,1,0,0,2,0,0,0
chr13,68758919,69138419,-,Adcy2,4236,4,2,41,34,25,9,8,18
chr12,4133396,4213524,+,Adcy3,4752,112,133,668,720,388,95,52,42
chr14,56387928,56402856,-,Adcy4,3421,687,796,415,334,910,400,154,71
chr16,35155721,35304635,+,Adcy5,5081,43,57,70,36,100,39,58,51
chr15,98420420,98438064,-,Adcy6,6043,942,1877,1106,662,5561,2631,1376,1117
chr8,90796301,90853861,+,Adcy7,6361,909,2108,13017,8110,3176,731,122,94
chr15,64530596,64753858,-,Adcy8,5057,0,0,0,2,3,0,2,2
chr16,4287544,4419587,-,Adcy9,4467,159,229,152,142,635,391,391,549
chr17,93598761,93604829,+,Adcyap1,2097,0,0,0,0,0,0,0,0
chr6,55401973,55451449,+,Adcyap1r1,6260,42,83,67,55,312,100,81,107
chr5,34916362,34974954,+,Add1,4063,1343,2170,4391,3672,4237,2579,1996,1873
chr6,86028077,86069549,+,Add2,3135,2,2,8,10,2,2,0,0
chr19,53214934,53321889,+,Add3,4956,754,863,1941,1840,1123,652,443,498
chr3,137940608,137953655,+,Adh1,1343,81617,104725,54727,56745,263062,184705,181306,158071
chr3,138078460,138093856,+,Adh4,1321,4973,5299,1904,1977,14891,11812,8272,8627
chr3,138106127,138118463,+,Adh5,1542,16820,19798,14698,14937,47244,36321,28555,25842
chr3,137976249,137994098,+,Adh6a,1350,3,2,14,3,12,6,3,3
chr3,137880736,137895006,+,Adh7,2088,1520,1334,634,577,1859,1051,536,531
chr12,29360071,29367039,+,Adi1,1679,5477,6335,4192,4327,19381,15216,9659,7872
chr2,158328347,158333934,+,Adig,635,11,6,0,0,8,2,2,0
chr16,23146608,23158041,+,Adipoq,1235,0,0,2,6,6,2,0,2
chr1,136312043,136328918,+,Adipor1,2032,4987,5940,5876,5884,9751,6934,4287,4643
chr6,119303167,119367501,-,Adipor2,3971,8377,13260,6027,5860,39811,30674,34048,29137
chr14,21871795,22267791,+,Adk,1964,26821,25637,18524,19008,72728,59032,37857,34955
chr7,117771182,117773333,+,Adm,1385,103,235,397,437,270,82,61,61
chr15,89153402,89155161,+,Adm2,1048,0,2,0,6,5,0,0,2
chr2,168006464,168032562,-,Adnp,4907,1710,2570,4201,3604,3890,2171,1377,1870
chr18,80323873,80348221,-,Adnp2,4192,138,371,392,302,715,330,251,365
chr10,67007258,67011703,-,Ado,4446,731,1008,1676,1391,1604,1055,642,771
chr1,136095798,136132008,-,Adora1,5788,776,1048,380,386,4257,3064,1353,1583
chr10,74779687,74797533,+,Adora2a,2537,351,402,488,493,345,138,89,81
chr11,62062485,62079954,+,Adora2b,1846,18,22,57,69,26,9,0,0
chr3,105673775,105726960,+,Adora3,2761,19,10,105,87,17,9,2,0
chr9,59139378,59164007,+,Adpgk,2478,1217,1810,1848,1420,2629,1358,731,799
chr16,38445478,38452769,-,Adprh,1587,436,613,2016,2100,1275,593,614,424
chr8,13235661,13254162,-,Adprhl1,1372,0,0,2,0,0,2,2,0
chr4,125993594,125998947,-,Adprhl2,1374,837,967,1460,1192,1486,951,777,715
chr14,67254094,67352166,+,Adra1a,4141,38,55,14,41,250,194,150,121
chr11,43588107,43649834,-,Adra1b,3049,2236,3083,1571,994,7614,4441,4365,3680
chr2,131371092,131388021,-,Adra1d,2396,0,0,0,2,0,4,2,2
chr19,54119671,54123472,+,Adra2a,3802,30,41,14,20,10,6,0,0
chr2,127189021,127192957,+,Adra2b,3937,267,343,93,77,503,194,185,203
chr5,35621214,35624412,+,Adra2c,3199,0,0,0,0,4,6,0,2
chr19,56796861,56799352,+,Adrb1,2492,257,398,159,141,228,53,24,4
chr18,62337469,62339613,-,Adrb2,2145,410,604,643,327,442,153,24,16
chr8,28336247,28340060,-,Adrb3,2799,338,546,96,36,700,270,204,215
chr19,4286000,4305955,-,Adrbk1,3204,5174,6320,12521,9725,7822,3226,1389,1296
chr5,113339497,113444534,-,Adrbk2,7581,2079,3950,6382,4399,3253,805,115,156
chr2,179906292,179910988,+,Adrm1,1439,1839,2070,2012,1895,3299,2162,2222,1719
chr15,80778948,80799803,+,Adsl,2122,824,979,1886,1975,1780,1113,1134,1031
chr1,179693308,179726640,-,Adss,2566,2038,2411,3244,3060,5071,3671,2082,2044
chr12,113858257,113879566,+,Adssl1,1804,1259,1467,1306,1387,2662,1763,1369,1358
chr11,5761868,5772228,+,Aebp1,4070,94,145,384,315,325,101,77,50
chr6,140571183,140625939,+,Aebp2,6626,1382,2007,4223,3531,2875,1705,868,1054
chr7,86040812,86053719,+,Aen,2584,932,1012,1215,1151,1325,855,760,728
chr10,81022304,81029109,+,Aes,1354,20612,18895,16243,17650,61038,47511,36928,29667
chr11,114858082,114863194,-,AF251705,1143,3338,3380,2492,2383,2991,1030,153,65
chr8,13835230,13838089,-,AF366264,2860,0,0,0,0,1,2,0,0
chr9,89484871,89517824,-,AF529169,4249,0,0,0,0,0,0,0,0
chr5,36235967,36346571,+,Afap1,6634,56,101,137,150,142,69,34,40
chr18,61889915,61946316,-,Afap1l1,3422,307,339,156,167,370,213,141,81
chr19,56986843,57083065,-,Afap1l2,4097,59,94,156,134,170,47,73,53
chr5,104183180,104284341,+,Aff1,8517,702,910,1570,1311,2088,1309,1043,1178
chrX,66613505,67121212,+,Aff2,4506,0,0,2,2,0,0,0,0
chr1,38234171,38721800,-,Aff3,6033,26,44,55,48,70,18,28,18
chr11,53164268,53235332,+,Aff4,10186,1475,2219,3099,2493,5073,3486,2548,3588
chr8,126001761,126027816,+,Afg3l1,4285,2077,2746,2251,2022,5800,4307,3685,3644
chr18,67564417,67608790,-,Afg3l2,3075,2482,3558,3133,2710,7574,5127,4070,3938
chr5,90947974,90982570,+,Afm,2037,11598,9812,2296,2074,30653,22457,16577,17655
chr11,117687232,117701222,+,Afmid,2343,2256,3760,2630,2286,11419,7733,8840,9913
chr5,90919739,90937933,+,Afp,2101,72,99,186,206,488,163,113,64
chr11,20585087,20641551,-,Aftph,3965,1981,2565,3978,3346,3759,2381,1582,2054
chr8,54597055,54608776,+,Aga,1299,779,811,979,1049,1594,1199,886,811
chr1,91351385,91791857,+,Agap1,9599,253,374,1066,1071,994,526,380,444
chr10,126515962,126530225,+,Agap2,5652,174,278,1664,1291,298,123,99,34
chr5,23957994,24007865,+,Agap3,4145,1488,2066,2203,1861,4319,2566,1397,1461
chr7,83374772,84269584,+,Agbl1,3392,0,0,2,0,0,0,0,0
chr2,90622900,90656388,+,Agbl2,3480,2,0,17,8,9,6,0,0
chr6,34730431,34807932,+,Agbl3,3738,186,187,226,153,203,153,115,121
chr4,110070395,111330115,+,Agbl4,1877,0,0,0,0,0,0,0,0
chr5,31191224,31209039,+,Agbl5,4101,1319,1072,1312,1184,2111,1295,714,710
chr17,34734806,34737877,+,Ager,1381,117,121,211,125,132,24,4,10
chr1,82836057,82892850,+,Agfg1,3150,643,969,1477,1435,1367,860,567,627
chr5,138092081,138125921,-,Agfg2,3093,474,849,1025,825,2590,1663,1534,1797
chr13,96120671,96145289,-,Aggf1,3211,1348,1816,1938,1709,2578,1744,1284,1906
chr6,40275476,40346761,+,Agk,2241,150,164,340,315,403,309,273,232
chr3,116442916,116511084,-,Agl,9659,1796,2661,1676,1431,6263,4251,2435,2598
chr4,141302589,141315178,+,Agmat,1411,5590,5424,2079,2043,11897,8882,9783,8629
chr12,37968225,38308519,+,Agmo,2168,1052,1651,955,819,3214,2450,2250,3134
chr17,34742805,34750394,+,Agpat1,2261,1330,1722,2559,2022,1862,851,489,319
chr2,26449106,26459730,-,Agpat2,843,1954,3026,1865,1689,8982,6617,9936,8588
chr10,77734307,77814445,-,Agpat3,3449,4390,5081,4101,3881,13788,9585,8142,7730
chr17,12312149,12412506,+,Agpat4,1919,265,366,541,473,254,117,48,18